city,lat,lng,daily.time,daily.temperature_2m_max,daily.temperature_2m_min,daily.precipitation_sum,daily.precipitation_probability_max,daily.wind_speed_10m_max,daily.wind_gusts_10m_max,daily.weather_code,temperature_moyenne,is_rainy,rain_risk,temperature_risk,wind_speed_risk,wind_gusts_risk,precipitation_probability_risk,weather_condition,risk_score,risk_level
Casablanca,33.5992,-7.62,2026-09-14,31.9,23.6,0.0,0,9.8,28.1,1,27.75,False,No rain,Warm,Low,Low,Low,Clear,5.88,Low
Casablanca,33.5992,-7.62,2026-09-15,28.8,22.2,0.0,0,11.3,31.7,45,25.5,False,No rain,Normal,Low,Low,Low,Fog,11.76,Low
Casablanca,33.5992,-7.62,2026-09-16,25.8,21.1,0.0,0,14.4,37.1,3,23.450000000000003,False,No rain,Normal,Low,Low,Low,Cloudy,0.0,Low
Casablanca,33.5992,-7.62,2026-09-17,25.7,19.9,0.0,0,12.3,34.2,3,22.799999999999997,False,No rain,Normal,Low,Low,Low,Cloudy,0.0,Low
Casablanca,33.5992,-7.62,2026-09-18,25.5,19.2,0.0,0,14.5,38.5,2,22.35,False,No rain,Normal,Low,Low,Low,Cloudy,0.0,Low
Casablanca,33.5992,-7.62,2026-09-19,28.3,20.0,0.0,3,15.3,37.8,45,24.15,False,No rain,Normal,Low,Low,Low,Fog,11.76,Low
Casablanca,33.5992,-7.62,2026-09-20,31.1,21.2,0.0,3,11.8,30.2,2,26.15,False,No rain,Warm,Low,Low,Low,Cloudy,5.88,Low
Tangier,35.7767,-5.8039,2026-09-14,29.5,22.5,0.0,0,25.9,61.2,1,26.0,False,No rain,Normal,Moderate,High,Low,Clear,17.65,Low
Tangier,35.7767,-5.8039,2026-09-15,31.1,21.2,0.0,0,14.8,34.2,1,26.15,False,No rain,Warm,Low,Low,Low,Clear,5.88,Low
Tangier,35.7767,-5.8039,2026-09-16,26.8,18.2,0.0,0,20.3,46.8,3,22.5,False,No rain,Normal,Moderate,Moderate,Low,Cloudy,11.76,Low
Tangier,35.7767,-5.8039,2026-09-17,26.8,18.6,0.0,0,14.2,34.2,3,22.700000000000003,False,No rain,Normal,Low,Low,Low,Cloudy,0.0,Low
Tangier,35.7767,-5.8039,2026-09-18,28.5,19.0,0.0,0,19.2,43.9,3,23.75,False,No rain,Normal,Low,Moderate,Low,Cloudy,5.88,Low
Tangier,35.7767,-5.8039,2026-09-19,26.5,21.6,0.0,0,39.7,75.6,1,24.05,False,No rain,Normal,High,Very high,Low,Clear,29.41,Moderate
Tangier,35.7767,-5.8039,2026-09-20,26.0,22.0,0.0,0,44.3,85.7,1,24.0,False,No rain,Normal,Very high,Very high,Low,Clear,35.29,Moderate
Fès,34.0433,-5.0033,2026-09-14,38.7,23.5,0.0,0,11.7,31.0,1,31.1,False,No rain,High,Low,Low,Low,Clear,11.76,Low
Fès,34.0433,-5.0033,2026-09-15,35.2,23.8,0.0,0,14.3,36.7,3,29.5,False,No rain,High,Low,Low,Low,Cloudy,11.76,Low
Fès,34.0433,-5.0033,2026-09-16,31.4,20.8,0.0,0,16.9,40.0,1,26.1,False,No rain,Warm,Low,Low,Low,Clear,5.88,Low
Fès,34.0433,-5.0033,2026-09-17,28.6,18.8,0.0,8,13.3,34.6,3,23.700000000000003,False,No rain,Normal,Low,Low,Low,Cloudy,0.0,Low
Fès,34.0433,-5.0033,2026-09-18,31.7,17.9,0.0,13,8.4,22.7,3,24.799999999999997,False,No rain,Warm,Low,Low,Low,Cloudy,5.88,Low
Fès,34.0433,-5.0033,2026-09-19,34.0,20.8,0.0,4,16.0,38.2,1,27.4,False,No rain,Warm,Low,Low,Low,Clear,5.88,Low
Fès,34.0433,-5.0033,2026-09-20,37.2,23.1,0.0,3,16.1,38.2,1,30.150000000000002,False,No rain,High,Low,Low,Low,Clear,11.76,Low
Marrakech,31.6295,-7.9811,2026-09-14,40.2,23.2,0.0,8,13.5,50.4,3,31.700000000000003,False,No rain,Very high,Low,High,Low,Cloudy,29.41,Moderate
Marrakech,31.6295,-7.9811,2026-09-15,38.8,24.0,0.0,3,14.8,40.0,3,31.4,False,No rain,High,Low,Low,Low,Cloudy,11.76,Low
Marrakech,31.6295,-7.9811,2026-09-16,34.7,20.5,0.0,0,13.7,37.8,0,27.6,False,No rain,Warm,Low,Low,Low,Clear,5.88,Low
Marrakech,31.6295,-7.9811,2026-09-17,30.5,18.5,0.0,3,9.2,28.1,2,24.5,False,No rain,Warm,Low,Low,Low,Cloudy,5.88,Low
Marrakech,31.6295,-7.9811,2026-09-18,32.5,18.7,0.0,20,9.3,24.8,1,25.6,False,No rain,Warm,Low,Low,Low,Clear,5.88,Low
Marrakech,31.6295,-7.9811,2026-09-19,36.9,20.2,0.0,14,11.8,27.0,1,28.549999999999997,False,No rain,High,Low,Low,Low,Clear,11.76,Low
Marrakech,31.6295,-7.9811,2026-09-20,36.0,22.3,0.0,15,20.3,37.1,3,29.15,False,No rain,High,Moderate,Low,Low,Cloudy,17.65,Low
Sale,34.05,-6.8167,2026-09-14,33.6,23.8,0.0,0,11.2,29.2,0,28.700000000000003,False,No rain,Warm,Low,Low,Low,Clear,5.88,Low
Sale,34.05,-6.8167,2026-09-15,28.0,21.6,0.0,0,12.7,33.5,45,24.8,False,No rain,Normal,Low,Low,Low,Fog,11.76,Low
Sale,34.05,-6.8167,2026-09-16,26.2,21.2,0.0,0,15.6,38.9,3,23.7,False,No rain,Normal,Low,Low,Low,Cloudy,0.0,Low
Sale,34.05,-6.8167,2026-09-17,26.3,19.0,0.0,0,11.7,31.0,3,22.65,False,No rain,Normal,Low,Low,Low,Cloudy,0.0,Low
Sale,34.05,-6.8167,2026-09-18,26.2,17.0,0.0,0,14.0,34.9,45,21.6,False,No rain,Normal,Low,Low,Low,Fog,11.76,Low
Sale,34.05,-6.8167,2026-09-19,28.9,17.6,0.0,3,17.0,38.5,45,23.25,False,No rain,Normal,Low,Low,Low,Fog,11.76,Low
Sale,34.05,-6.8167,2026-09-20,31.5,20.3,0.0,3,11.1,31.7,2,25.9,False,No rain,Warm,Low,Low,Low,Cloudy,5.88,Low
Meknès,33.8833,-5.55,2026-09-14,37.8,23.1,0.0,0,16.2,41.0,2,30.45,False,No rain,High,Low,Moderate,Low,Cloudy,17.65,Low
Meknès,33.8833,-5.55,2026-09-15,34.1,21.4,0.0,0,16.3,40.3,3,27.75,False,No rain,Warm,Low,Moderate,Low,Cloudy,11.76,Low
Meknès,33.8833,-5.55,2026-09-16,30.3,18.7,0.0,0,15.9,39.6,1,24.5,False,No rain,Warm,Low,Low,Low,Clear,5.88,Low
Meknès,33.8833,-5.55,2026-09-17,26.8,17.6,0.0,5,13.0,34.9,3,22.200000000000003,False,No rain,Normal,Low,Low,Low,Cloudy,0.0,Low
Meknès,33.8833,-5.55,2026-09-18,30.3,15.9,0.0,8,11.5,30.6,3,23.1,False,No rain,Warm,Low,Low,Low,Cloudy,5.88,Low
Meknès,33.8833,-5.55,2026-09-19,33.7,18.4,0.0,4,15.9,35.3,2,26.05,False,No rain,Warm,Low,Low,Low,Cloudy,5.88,Low
Meknès,33.8833,-5.55,2026-09-20,37.3,21.5,0.0,3,16.7,37.4,2,29.4,False,No rain,High,Low,Low,Low,Cloudy,11.76,Low
Rabat,34.0211,-6.8414,2026-09-14,33.6,23.8,0.0,0,11.2,29.2,0,28.700000000000003,False,No rain,Warm,Low,Low,Low,Clear,5.88,Low
Rabat,34.0211,-6.8414,2026-09-15,28.0,21.6,0.0,0,12.7,33.5,45,24.8,False,No rain,Normal,Low,Low,Low,Fog,11.76,Low
Rabat,34.0211,-6.8414,2026-09-16,26.3,21.3,0.0,0,15.6,38.9,3,23.8,False,No rain,Normal,Low,Low,Low,Cloudy,0.0,Low
Rabat,34.0211,-6.8414,2026-09-17,26.3,19.1,0.0,0,11.7,31.0,3,22.700000000000003,False,No rain,Normal,Low,Low,Low,Cloudy,0.0,Low
Rabat,34.0211,-6.8414,2026-09-18,26.2,17.0,0.0,0,14.0,34.9,45,21.6,False,No rain,Normal,Low,Low,Low,Fog,11.76,Low
Rabat,34.0211,-6.8414,2026-09-19,28.9,17.7,0.0,3,17.0,38.5,45,23.299999999999997,False,No rain,Normal,Low,Low,Low,Fog,11.76,Low
Rabat,34.0211,-6.8414,2026-09-20,31.6,20.3,0.0,3,11.1,31.7,2,25.950000000000003,False,No rain,Warm,Low,Low,Low,Cloudy,5.88,Low
Agadir,30.4214,-9.5831,2026-09-14,39.4,28.6,0.2,8,17.7,44.6,80,34.0,True,Light,High,Low,Moderate,Low,Rain showers,35.29,Moderate
Agadir,30.4214,-9.5831,2026-09-15,35.6,26.9,0.2,3,11.5,34.6,3,31.25,True,Light,High,Low,Low,Low,Cloudy,17.65,Low
Agadir,30.4214,-9.5831,2026-09-16,36.6,23.5,0.0,0,18.5,51.1,2,30.05,False,No rain,High,Low,High,Low,Cloudy,23.53,Low
Agadir,30.4214,-9.5831,2026-09-17,28.4,20.4,0.0,0,13.8,37.8,2,24.4,False,No rain,Normal,Low,Low,Low,Cloudy,0.0,Low
Agadir,30.4214,-9.5831,2026-09-18,26.3,19.8,0.0,3,13.3,37.1,2,23.05,False,No rain,Normal,Low,Low,Low,Cloudy,0.0,Low
Agadir,30.4214,-9.5831,2026-09-19,29.2,20.2,0.0,3,16.6,34.2,45,24.7,False,No rain,Normal,Low,Low,Low,Fog,11.76,Low
Agadir,30.4214,-9.5831,2026-09-20,31.0,20.8,0.0,0,16.7,33.1,2,25.9,False,No rain,Warm,Low,Low,Low,Cloudy,5.88,Low
Kenitra,34.25,-6.5833,2026-09-14,34.8,22.7,0.0,0,12.1,30.6,0,28.75,False,No rain,Warm,Low,Low,Low,Clear,5.88,Low
Kenitra,34.25,-6.5833,2026-09-15,29.1,21.2,0.0,0,13.8,34.2,45,25.15,False,No rain,Normal,Low,Low,Low,Fog,11.76,Low
Kenitra,34.25,-6.5833,2026-09-16,27.0,20.9,0.0,0,17.2,41.0,3,23.95,False,No rain,Normal,Low,Moderate,Low,Cloudy,5.88,Low
Kenitra,34.25,-6.5833,2026-09-17,26.8,18.7,0.0,0,12.8,32.0,3,22.75,False,No rain,Normal,Low,Low,Low,Cloudy,0.0,Low
Kenitra,34.25,-6.5833,2026-09-18,28.1,16.0,0.0,0,15.6,38.9,45,22.05,False,No rain,Normal,Low,Low,Low,Fog,11.76,Low
Kenitra,34.25,-6.5833,2026-09-19,32.2,17.0,0.0,3,17.7,38.9,45,24.6,False,No rain,Warm,Low,Low,Low,Fog,17.65,Low
Kenitra,34.25,-6.5833,2026-09-20,34.9,22.8,0.0,0,15.0,34.2,2,28.85,False,No rain,Warm,Low,Low,Low,Cloudy,5.88,Low
Oujda-Angad,34.6867,-1.9114,2026-09-14,30.2,17.5,0.0,0,18.2,37.4,1,23.85,False,No rain,Warm,Low,Low,Low,Clear,5.88,Low
Oujda-Angad,34.6867,-1.9114,2026-09-15,30.8,16.4,0.0,0,17.5,36.7,3,23.6,False,No rain,Warm,Low,Low,Low,Cloudy,5.88,Low
Oujda-Angad,34.6867,-1.9114,2026-09-16,32.2,14.9,0.0,0,18.8,40.7,1,23.55,False,No rain,Warm,Low,Moderate,Low,Clear,11.76,Low
Oujda-Angad,34.6867,-1.9114,2026-09-17,27.8,16.9,0.0,3,19.1,41.0,3,22.35,False,No rain,Normal,Low,Moderate,Low,Cloudy,5.88,Low
Oujda-Angad,34.6867,-1.9114,2026-09-18,27.6,15.8,0.0,40,16.4,35.6,45,21.700000000000003,False,No rain,Normal,Low,Low,Moderate,Fog,17.65,Low
Oujda-Angad,34.6867,-1.9114,2026-09-19,28.7,16.0,0.0,22,25.2,45.7,45,22.35,False,No rain,Normal,Moderate,Moderate,Moderate,Fog,29.41,Moderate
Oujda-Angad,34.6867,-1.9114,2026-09-20,30.3,17.6,0.0,23,22.2,40.3,2,23.950000000000003,False,No rain,Warm,Moderate,Moderate,Moderate,Cloudy,23.53,Low
Tétouan,35.5667,-5.3667,2026-09-14,26.9,22.1,0.0,0,19.5,48.6,2,24.5,False,No rain,Normal,Low,Moderate,Low,Cloudy,5.88,Low
Tétouan,35.5667,-5.3667,2026-09-15,28.7,21.3,0.0,0,12.2,32.8,2,25.0,False,No rain,Normal,Low,Low,Low,Cloudy,0.0,Low
Tétouan,35.5667,-5.3667,2026-09-16,33.9,18.4,0.0,0,25.0,59.0,3,26.15,False,No rain,Warm,Moderate,High,Low,Cloudy,23.53,Low
Tétouan,35.5667,-5.3667,2026-09-17,26.4,17.5,0.0,0,11.2,27.7,3,21.95,False,No rain,Normal,Low,Low,Low,Cloudy,0.0,Low
Tétouan,35.5667,-5.3667,2026-09-18,26.9,18.1,0.0,8,16.0,41.0,2,22.5,False,No rain,Normal,Low,Moderate,Low,Cloudy,5.88,Low
Tétouan,35.5667,-5.3667,2026-09-19,26.1,21.7,0.0,4,36.1,73.8,3,23.9,False,No rain,Normal,High,Very high,Low,Cloudy,29.41,Moderate
Tétouan,35.5667,-5.3667,2026-09-20,26.2,22.1,0.0,3,36.7,76.3,2,24.15,False,No rain,Normal,High,Very high,Low,Cloudy,29.41,Moderate
Safi,32.2833,-9.2333,2026-09-14,35.6,24.7,0.0,0,19.0,36.0,3,30.15,False,No rain,High,Low,Low,Low,Cloudy,11.76,Low
Safi,32.2833,-9.2333,2026-09-15,34.0,23.8,0.0,0,24.6,44.6,3,28.9,False,No rain,Warm,Moderate,Moderate,Low,Cloudy,17.65,Low
Safi,32.2833,-9.2333,2026-09-16,26.7,20.7,0.0,0,27.7,49.0,2,23.7,False,No rain,Normal,Moderate,Moderate,Low,Cloudy,11.76,Low
Safi,32.2833,-9.2333,2026-09-17,24.9,19.3,0.0,0,20.5,35.6,2,22.1,False,No rain,Normal,Moderate,Low,Low,Cloudy,5.88,Low
Safi,32.2833,-9.2333,2026-09-18,26.2,19.0,0.0,0,24.1,43.2,2,22.6,False,No rain,Normal,Moderate,Moderate,Low,Cloudy,11.76,Low
Safi,32.2833,-9.2333,2026-09-19,31.2,19.5,0.0,3,21.1,38.9,2,25.35,False,No rain,Warm,Moderate,Low,Low,Cloudy,11.76,Low
Safi,32.2833,-9.2333,2026-09-20,26.9,20.8,0.0,3,16.2,31.0,1,23.85,False,No rain,Normal,Low,Low,Low,Clear,0.0,Low
Taourirt,34.41,-2.89,2026-09-14,31.5,19.2,0.0,0,25.1,41.4,1,25.35,False,No rain,Warm,Moderate,Moderate,Low,Clear,17.65,Low
Taourirt,34.41,-2.89,2026-09-15,32.2,19.0,0.0,0,22.3,36.0,3,25.6,False,No rain,Warm,Moderate,Low,Low,Cloudy,11.76,Low
Taourirt,34.41,-2.89,2026-09-16,34.0,18.2,0.0,0,21.9,35.3,1,26.1,False,No rain,Warm,Moderate,Low,Low,Clear,11.76,Low
Taourirt,34.41,-2.89,2026-09-17,30.3,20.2,0.0,5,27.2,45.4,3,25.25,False,No rain,Warm,Moderate,Moderate,Low,Cloudy,17.65,Low
Taourirt,34.41,-2.89,2026-09-18,29.5,17.3,0.0,20,25.4,46.1,3,23.4,False,No rain,Normal,Moderate,Moderate,Low,Cloudy,11.76,Low
Taourirt,34.41,-2.89,2026-09-19,30.8,18.3,0.0,5,26.9,47.2,45,24.55,False,No rain,Warm,Moderate,Moderate,Low,Fog,29.41,Moderate
Taourirt,34.41,-2.89,2026-09-20,30.9,19.6,0.0,5,25.9,46.1,3,25.25,False,No rain,Warm,Moderate,Moderate,Low,Cloudy,17.65,Low
Temara,33.9234,-6.9076,2026-09-14,33.4,23.5,0.0,0,10.8,29.5,0,28.45,False,No rain,Warm,Low,Low,Low,Clear,5.88,Low
Temara,33.9234,-6.9076,2026-09-15,28.0,21.4,0.0,0,12.4,33.8,2,24.7,False,No rain,Normal,Low,Low,Low,Cloudy,0.0,Low
Temara,33.9234,-6.9076,2026-09-16,26.0,20.7,0.0,0,15.8,40.3,3,23.35,False,No rain,Normal,Low,Moderate,Low,Cloudy,5.88,Low
Temara,33.9234,-6.9076,2026-09-17,26.0,18.6,0.0,0,12.3,32.8,3,22.3,False,No rain,Normal,Low,Low,Low,Cloudy,0.0,Low
Temara,33.9234,-6.9076,2026-09-18,26.4,16.6,0.0,0,13.4,36.4,45,21.5,False,No rain,Normal,Low,Low,Low,Fog,11.76,Low
Temara,33.9234,-6.9076,2026-09-19,27.3,17.1,0.0,3,16.6,33.1,45,22.200000000000003,False,No rain,Normal,Low,Low,Low,Fog,11.76,Low
Temara,33.9234,-6.9076,2026-09-20,29.8,19.7,0.0,3,12.0,25.9,2,24.75,False,No rain,Normal,Low,Low,Low,Cloudy,0.0,Low
Laâyoune,27.15,-13.2,2026-09-14,38.6,25.7,0.0,2,21.9,40.0,0,32.15,False,No rain,High,Moderate,Low,Low,Clear,17.65,Low
Laâyoune,27.15,-13.2,2026-09-15,40.9,25.9,0.0,0,26.0,51.5,0,33.4,False,No rain,Very high,Moderate,High,Low,Clear,35.29,Moderate
Laâyoune,27.15,-13.2,2026-09-16,35.0,21.8,0.0,0,27.0,52.6,0,28.4,False,No rain,Warm,Moderate,High,Low,Clear,23.53,Low
Laâyoune,27.15,-13.2,2026-09-17,28.7,21.4,0.0,0,30.8,58.7,3,25.049999999999997,False,No rain,Normal,High,High,Low,Cloudy,23.53,Low
Laâyoune,27.15,-13.2,2026-09-18,27.2,20.4,0.0,4,26.4,52.6,3,23.799999999999997,False,No rain,Normal,Moderate,High,Low,Cloudy,17.65,Low
Laâyoune,27.15,-13.2,2026-09-19,29.1,18.8,0.0,0,22.6,46.1,0,23.950000000000003,False,No rain,Normal,Moderate,Moderate,Low,Clear,11.76,Low
Laâyoune,27.15,-13.2,2026-09-20,29.8,19.8,0.0,2,17.2,42.1,3,24.8,False,No rain,Normal,Low,Moderate,Low,Cloudy,5.88,Low
El Jadid,33.2566,-8.5025,2026-09-14,29.2,21.0,0.0,0,13.4,24.8,1,25.1,False,No rain,Normal,Low,Low,Low,Clear,0.0,Low
El Jadid,33.2566,-8.5025,2026-09-15,26.8,21.7,0.0,0,16.6,29.9,45,24.25,False,No rain,Normal,Low,Low,Low,Fog,11.76,Low
El Jadid,33.2566,-8.5025,2026-09-16,25.0,21.4,0.0,0,18.9,33.8,2,23.2,False,No rain,Normal,Low,Low,Low,Cloudy,0.0,Low
El Jadid,33.2566,-8.5025,2026-09-17,25.5,19.5,0.0,2,14.3,26.3,3,22.5,False,No rain,Normal,Low,Low,Low,Cloudy,0.0,Low
El Jadid,33.2566,-8.5025,2026-09-18,24.7,19.8,0.0,3,20.5,36.0,2,22.25,False,No rain,Normal,Moderate,Low,Low,Cloudy,5.88,Low
El Jadid,33.2566,-8.5025,2026-09-19,26.9,20.9,0.0,3,23.3,45.0,2,23.9,False,No rain,Normal,Moderate,Moderate,Low,Cloudy,11.76,Low
El Jadid,33.2566,-8.5025,2026-09-20,28.4,21.8,0.0,0,13.6,26.6,45,25.1,False,No rain,Normal,Low,Low,Low,Fog,11.76,Low
Ait Melloul,30.3342,-9.4972,2026-09-14,39.8,25.3,0.3,8,17.1,34.9,80,32.55,True,Light,High,Low,Low,Low,Rain showers,29.41,Moderate
Ait Melloul,30.3342,-9.4972,2026-09-15,35.2,25.3,0.0,3,17.9,38.2,3,30.25,False,No rain,High,Low,Low,Low,Cloudy,11.76,Low
Ait Melloul,30.3342,-9.4972,2026-09-16,31.4,21.6,0.0,0,23.4,43.6,1,26.5,False,No rain,Warm,Moderate,Moderate,Low,Clear,17.65,Low
Ait Melloul,30.3342,-9.4972,2026-09-17,26.9,21.1,0.0,0,18.4,35.6,3,24.0,False,No rain,Normal,Low,Low,Low,Cloudy,0.0,Low
Ait Melloul,30.3342,-9.4972,2026-09-18,26.5,20.1,0.0,5,18.9,37.8,2,23.3,False,No rain,Normal,Low,Low,Low,Cloudy,0.0,Low
Ait Melloul,30.3342,-9.4972,2026-09-19,29.5,20.4,0.0,3,16.6,34.2,2,24.95,False,No rain,Normal,Low,Low,Low,Cloudy,0.0,Low
Ait Melloul,30.3342,-9.4972,2026-09-20,31.2,21.1,0.0,0,16.7,33.1,2,26.15,False,No rain,Warm,Low,Low,Low,Cloudy,5.88,Low
Béni Mellal,32.3394,-6.3608,2026-09-14,38.7,25.5,0.0,5,18.7,41.4,3,32.1,False,No rain,High,Low,Moderate,Low,Cloudy,17.65,Low
Béni Mellal,32.3394,-6.3608,2026-09-15,36.2,26.1,0.0,3,16.9,36.0,3,31.150000000000002,False,No rain,High,Low,Low,Low,Cloudy,11.76,Low
Béni Mellal,32.3394,-6.3608,2026-09-16,32.9,21.4,0.0,0,18.8,38.5,1,27.15,False,No rain,Warm,Low,Low,Low,Clear,5.88,Low
Béni Mellal,32.3394,-6.3608,2026-09-17,30.1,18.9,0.0,9,11.5,23.8,3,24.5,False,No rain,Warm,Low,Low,Low,Cloudy,5.88,Low
Béni Mellal,32.3394,-6.3608,2026-09-18,32.4,19.5,0.0,13,8.9,19.1,2,25.95,False,No rain,Warm,Low,Low,Low,Cloudy,5.88,Low
Béni Mellal,32.3394,-6.3608,2026-09-19,37.7,21.8,0.0,9,16.4,31.0,3,29.75,False,No rain,High,Low,Low,Low,Cloudy,11.76,Low
Béni Mellal,32.3394,-6.3608,2026-09-20,39.5,29.4,0.0,5,20.8,43.9,2,34.45,False,No rain,High,Moderate,Moderate,Low,Cloudy,23.53,Low
Bouskoura,33.4489,-7.6486,2026-09-14,36.5,24.2,0.0,0,15.1,38.2,1,30.35,False,No rain,High,Low,Low,Low,Clear,11.76,Low
Bouskoura,33.4489,-7.6486,2026-09-15,32.3,21.6,0.0,0,15.6,37.8,2,26.95,False,No rain,Warm,Low,Low,Low,Cloudy,5.88,Low
Bouskoura,33.4489,-7.6486,2026-09-16,27.1,19.8,0.0,0,16.6,40.3,45,23.450000000000003,False,No rain,Normal,Low,Moderate,Low,Fog,17.65,Low
Bouskoura,33.4489,-7.6486,2026-09-17,27.0,18.8,0.0,0,14.3,35.6,3,22.9,False,No rain,Normal,Low,Low,Low,Cloudy,0.0,Low
Bouskoura,33.4489,-7.6486,2026-09-18,27.9,17.6,0.0,0,17.3,42.8,2,22.75,False,No rain,Normal,Low,Moderate,Low,Cloudy,5.88,Low
Bouskoura,33.4489,-7.6486,2026-09-19,27.5,19.2,0.0,8,15.3,37.8,45,23.35,False,No rain,Normal,Low,Low,Low,Fog,11.76,Low
Bouskoura,33.4489,-7.6486,2026-09-20,30.3,20.4,0.0,8,11.8,30.2,2,25.35,False,No rain,Warm,Low,Low,Low,Cloudy,5.88,Low
Tiznit,29.7,-9.7269,2026-09-14,39.9,29.5,0.3,8,22.2,40.7,3,34.7,True,Light,High,Moderate,Moderate,Low,Cloudy,29.41,Moderate
Tiznit,29.7,-9.7269,2026-09-15,36.5,27.1,0.0,0,19.9,32.0,1,31.8,False,No rain,High,Low,Low,Low,Clear,11.76,Low
Tiznit,29.7,-9.7269,2026-09-16,31.5,21.2,0.0,0,22.2,37.4,1,26.35,False,No rain,Warm,Moderate,Low,Low,Clear,11.76,Low
Tiznit,29.7,-9.7269,2026-09-17,24.4,19.7,0.0,0,23.8,40.0,3,22.049999999999997,False,No rain,Normal,Moderate,Low,Low,Cloudy,5.88,Low
Tiznit,29.7,-9.7269,2026-09-18,25.6,19.5,0.0,5,20.4,34.2,3,22.55,False,No rain,Normal,Moderate,Low,Low,Cloudy,5.88,Low
Tiznit,29.7,-9.7269,2026-09-19,26.5,19.5,0.0,3,22.0,36.4,2,23.0,False,No rain,Normal,Moderate,Low,Low,Cloudy,5.88,Low
Tiznit,29.7,-9.7269,2026-09-20,27.1,19.8,0.0,0,12.9,21.2,45,23.450000000000003,False,No rain,Normal,Low,Low,Low,Fog,11.76,Low
Mohammedia,33.6833,-7.3833,2026-09-14,31.2,22.8,0.0,0,10.5,25.9,45,27.0,False,No rain,Warm,Low,Low,Low,Fog,17.65,Low
Mohammedia,33.6833,-7.3833,2026-09-15,27.4,21.4,0.0,0,13.2,32.0,45,24.4,False,No rain,Normal,Low,Low,Low,Fog,11.76,Low
Mohammedia,33.6833,-7.3833,2026-09-16,25.6,21.2,0.0,0,16.1,38.2,3,23.4,False,No rain,Normal,Low,Low,Low,Cloudy,0.0,Low
Mohammedia,33.6833,-7.3833,2026-09-17,25.5,20.0,0.0,0,14.2,33.5,3,22.75,False,No rain,Normal,Low,Low,Low,Cloudy,0.0,Low
Mohammedia,33.6833,-7.3833,2026-09-18,25.2,17.6,0.0,0,14.6,37.4,2,21.4,False,No rain,Normal,Low,Low,Low,Cloudy,0.0,Low
Mohammedia,33.6833,-7.3833,2026-09-19,30.0,18.5,0.0,0,19.5,36.4,45,24.25,False,No rain,Normal,Low,Low,Low,Fog,11.76,Low
Mohammedia,33.6833,-7.3833,2026-09-20,32.9,20.8,0.0,0,16.3,30.6,2,26.85,False,No rain,Warm,Low,Low,Low,Cloudy,5.88,Low
Kouribga,32.88,-6.9,2026-09-14,37.8,22.1,0.0,3,24.7,49.3,3,29.95,False,No rain,High,Moderate,Moderate,Low,Cloudy,23.53,Low
Kouribga,32.88,-6.9,2026-09-15,34.8,22.0,0.0,0,24.6,47.9,3,28.4,False,No rain,Warm,Moderate,Moderate,Low,Cloudy,17.65,Low
Kouribga,32.88,-6.9,2026-09-16,31.8,17.9,0.0,0,21.4,42.8,0,24.85,False,No rain,Warm,Moderate,Moderate,Low,Clear,17.65,Low
Kouribga,32.88,-6.9,2026-09-17,28.1,14.1,0.0,2,17.9,35.3,45,21.1,False,No rain,Normal,Low,Low,Low,Fog,11.76,Low
Kouribga,32.88,-6.9,2026-09-18,30.4,15.0,0.0,28,19.8,38.5,1,22.7,False,No rain,Warm,Low,Low,Moderate,Clear,11.76,Low
Kouribga,32.88,-6.9,2026-09-19,33.9,17.5,0.0,12,20.9,45.4,2,25.7,False,No rain,Warm,Moderate,Moderate,Low,Cloudy,17.65,Low
Kouribga,32.88,-6.9,2026-09-20,36.8,22.5,0.0,13,21.0,51.1,3,29.65,False,No rain,High,Moderate,High,Low,Cloudy,29.41,Moderate
Settat,33.0023,-7.6198,2026-09-14,39.7,23.7,0.0,0,23.1,47.5,3,31.700000000000003,False,No rain,High,Moderate,Moderate,Low,Cloudy,23.53,Low
Settat,33.0023,-7.6198,2026-09-15,36.0,22.8,0.0,0,23.8,50.8,3,29.4,False,No rain,High,Moderate,High,Low,Cloudy,29.41,Moderate
Settat,33.0023,-7.6198,2026-09-16,29.4,19.2,0.0,0,19.1,40.3,2,24.299999999999997,False,No rain,Normal,Low,Moderate,Low,Cloudy,5.88,Low
Settat,33.0023,-7.6198,2026-09-17,28.2,16.9,0.0,4,16.5,34.2,3,22.549999999999997,False,No rain,Normal,Low,Low,Low,Cloudy,0.0,Low
Settat,33.0023,-7.6198,2026-09-18,30.2,15.9,0.0,5,19.9,44.3,45,23.05,False,No rain,Warm,Low,Moderate,Low,Fog,23.53,Low
Settat,33.0023,-7.6198,2026-09-19,32.8,16.9,0.0,7,22.7,43.9,45,24.849999999999998,False,No rain,Warm,Moderate,Moderate,Low,Fog,29.41,Moderate
Settat,33.0023,-7.6198,2026-09-20,36.7,20.1,0.0,9,19.1,40.0,2,28.400000000000002,False,No rain,High,Low,Low,Low,Cloudy,11.76,Low
Barrechid,33.27,-7.5872,2026-09-14,39.7,24.0,0.0,0,23.1,41.4,2,31.85,False,No rain,High,Moderate,Moderate,Low,Cloudy,23.53,Low
Barrechid,33.27,-7.5872,2026-09-15,35.8,21.7,0.0,0,21.5,38.5,3,28.75,False,No rain,High,Moderate,Low,Low,Cloudy,17.65,Low
Barrechid,33.27,-7.5872,2026-09-16,28.8,19.0,0.0,0,19.5,34.9,45,23.9,False,No rain,Normal,Low,Low,Low,Fog,11.76,Low
Barrechid,33.27,-7.5872,2026-09-17,28.3,17.5,0.0,2,17.4,30.6,3,22.9,False,No rain,Normal,Low,Low,Low,Cloudy,0.0,Low
Barrechid,33.27,-7.5872,2026-09-18,29.5,16.3,0.0,3,21.3,38.2,45,22.9,False,No rain,Normal,Moderate,Low,Low,Fog,17.65,Low
Barrechid,33.27,-7.5872,2026-09-19,32.0,17.6,0.0,3,22.3,40.0,45,24.8,False,No rain,Warm,Moderate,Low,Low,Fog,23.53,Low
Barrechid,33.27,-7.5872,2026-09-20,35.5,20.8,0.0,3,19.7,36.0,2,28.15,False,No rain,High,Low,Low,Low,Cloudy,11.76,Low
Ad Dakhla,23.7167,-15.95,2026-09-14,23.0,20.3,0.0,0,22.4,27.7,1,21.65,False,No rain,Normal,Moderate,Low,Low,Clear,5.88,Low
Ad Dakhla,23.7167,-15.95,2026-09-15,25.7,21.8,0.0,2,30.2,37.8,0,23.75,False,No rain,Normal,High,Low,Low,Clear,11.76,Low
Ad Dakhla,23.7167,-15.95,2026-09-16,24.4,21.9,0.0,2,35.3,43.6,0,23.15,False,No rain,Normal,High,Moderate,Low,Clear,17.65,Low
Ad Dakhla,23.7167,-15.95,2026-09-17,22.1,20.0,0.0,0,39.1,50.0,2,21.05,False,No rain,Normal,High,Moderate,Low,Cloudy,17.65,Low
Ad Dakhla,23.7167,-15.95,2026-09-18,21.2,20.3,0.0,0,37.7,46.8,0,20.75,False,No rain,Normal,High,Moderate,Low,Clear,17.65,Low
Ad Dakhla,23.7167,-15.95,2026-09-19,20.9,19.8,0.0,0,29.2,36.7,0,20.35,False,No rain,Normal,Moderate,Low,Low,Clear,5.88,Low
Ad Dakhla,23.7167,-15.95,2026-09-20,21.5,19.6,0.0,0,33.6,42.8,0,20.55,False,No rain,Normal,High,Moderate,Low,Clear,17.65,Low
Nador,35.1667,-2.9333,2026-09-14,26.1,23.2,0.0,0,14.3,32.0,2,24.65,False,No rain,Normal,Low,Low,Low,Cloudy,0.0,Low
Nador,35.1667,-2.9333,2026-09-15,26.7,21.7,0.0,0,11.3,26.6,2,24.2,False,No rain,Normal,Low,Low,Low,Cloudy,0.0,Low
Nador,35.1667,-2.9333,2026-09-16,29.7,21.0,0.0,0,8.4,23.8,2,25.35,False,No rain,Normal,Low,Low,Low,Cloudy,0.0,Low
Nador,35.1667,-2.9333,2026-09-17,26.9,21.9,0.0,7,10.4,24.1,3,24.4,False,No rain,Normal,Low,Low,Low,Cloudy,0.0,Low
Nador,35.1667,-2.9333,2026-09-18,25.2,21.1,0.0,8,14.3,33.5,3,23.15,False,No rain,Normal,Low,Low,Low,Cloudy,0.0,Low
Nador,35.1667,-2.9333,2026-09-19,26.3,22.6,0.0,8,25.8,45.4,3,24.450000000000003,False,No rain,Normal,Moderate,Moderate,Low,Cloudy,11.76,Low
Nador,35.1667,-2.9333,2026-09-20,26.4,21.8,0.0,13,25.6,45.7,2,24.1,False,No rain,Normal,Moderate,Moderate,Low,Cloudy,11.76,Low
Taza,34.2144,-4.0088,2026-09-14,32.0,20.4,0.0,0,19.6,38.9,1,26.2,False,No rain,Warm,Low,Low,Low,Clear,5.88,Low
Taza,34.2144,-4.0088,2026-09-15,33.0,19.5,0.0,0,14.9,31.3,3,26.25,False,No rain,Warm,Low,Low,Low,Cloudy,5.88,Low
Taza,34.2144,-4.0088,2026-09-16,30.6,19.2,0.0,0,24.1,50.8,1,24.9,False,No rain,Warm,Moderate,High,Low,Clear,23.53,Low
Taza,34.2144,-4.0088,2026-09-17,29.6,18.3,0.0,6,21.5,44.6,3,23.950000000000003,False,No rain,Normal,Moderate,Moderate,Low,Cloudy,11.76,Low
Taza,34.2144,-4.0088,2026-09-18,29.3,17.3,0.0,9,17.5,37.4,3,23.3,False,No rain,Normal,Low,Low,Low,Cloudy,0.0,Low
Taza,34.2144,-4.0088,2026-09-19,29.2,18.3,0.0,17,26.0,50.9,3,23.75,False,No rain,Normal,Moderate,High,Low,Cloudy,17.65,Low
Taza,34.2144,-4.0088,2026-09-20,30.7,19.7,0.0,18,24.1,45.0,2,25.2,False,No rain,Warm,Moderate,Moderate,Low,Cloudy,17.65,Low
Inezgane,30.3658,-9.5381,2026-09-14,38.2,25.5,0.4,8,11.6,38.2,3,31.85,True,Light,High,Low,Low,Low,Cloudy,17.65,Low
Inezgane,30.3658,-9.5381,2026-09-15,33.0,24.3,0.1,3,12.0,35.3,3,28.65,True,Light,Warm,Low,Low,Low,Cloudy,11.76,Low
Inezgane,30.3658,-9.5381,2026-09-16,32.7,21.5,0.0,0,16.3,38.5,2,27.1,False,No rain,Warm,Low,Low,Low,Cloudy,5.88,Low
Inezgane,30.3658,-9.5381,2026-09-17,26.6,20.6,0.0,0,14.5,39.2,2,23.6,False,No rain,Normal,Low,Low,Low,Cloudy,0.0,Low
Inezgane,30.3658,-9.5381,2026-09-18,25.2,19.6,0.0,5,14.8,39.2,2,22.4,False,No rain,Normal,Low,Low,Low,Cloudy,0.0,Low
Inezgane,30.3658,-9.5381,2026-09-19,29.5,19.9,0.0,3,16.6,34.2,45,24.7,False,No rain,Normal,Low,Low,Low,Fog,11.76,Low
Inezgane,30.3658,-9.5381,2026-09-20,31.3,21.1,0.0,0,16.7,33.1,2,26.200000000000003,False,No rain,Warm,Low,Low,Low,Cloudy,5.88,Low
Larache,35.1833,-6.15,2026-09-14,35.6,22.1,0.0,0,13.6,25.6,0,28.85,False,No rain,High,Low,Low,Low,Clear,11.76,Low
Larache,35.1833,-6.15,2026-09-15,30.5,19.4,0.0,0,24.6,45.7,0,24.95,False,No rain,Warm,Moderate,Moderate,Low,Clear,17.65,Low
Larache,35.1833,-6.15,2026-09-16,27.1,18.6,0.0,0,17.9,33.5,3,22.85,False,No rain,Normal,Low,Low,Low,Cloudy,0.0,Low
Larache,35.1833,-6.15,2026-09-17,26.2,18.2,0.0,0,15.0,28.1,45,22.2,False,No rain,Normal,Low,Low,Low,Fog,11.76,Low
Larache,35.1833,-6.15,2026-09-18,27.2,15.5,0.0,0,19.7,35.3,45,21.35,False,No rain,Normal,Low,Low,Low,Fog,11.76,Low
Larache,35.1833,-6.15,2026-09-19,33.9,17.6,0.0,0,17.6,34.6,1,25.75,False,No rain,Warm,Low,Low,Low,Clear,5.88,Low
Larache,35.1833,-6.15,2026-09-20,38.0,19.4,0.0,0,15.3,28.8,1,28.7,False,No rain,High,Low,Low,Low,Clear,11.76,Low
Al Khmissat,33.81,-6.06,2026-09-14,39.2,23.2,0.0,0,19.0,38.5,1,31.200000000000003,False,No rain,High,Low,Low,Low,Clear,11.76,Low
Al Khmissat,33.81,-6.06,2026-09-15,35.0,21.0,0.0,0,18.4,37.1,3,28.0,False,No rain,Warm,Low,Low,Low,Cloudy,5.88,Low
Al Khmissat,33.81,-6.06,2026-09-16,30.8,18.3,0.0,0,17.9,36.0,2,24.55,False,No rain,Warm,Low,Low,Low,Cloudy,5.88,Low
Al Khmissat,33.81,-6.06,2026-09-17,28.2,16.4,0.0,3,13.5,27.7,45,22.299999999999997,False,No rain,Normal,Low,Low,Low,Fog,11.76,Low
Al Khmissat,33.81,-6.06,2026-09-18,30.6,15.1,0.0,5,19.1,38.9,3,22.85,False,No rain,Warm,Low,Low,Low,Cloudy,5.88,Low
Al Khmissat,33.81,-6.06,2026-09-19,34.7,17.5,0.0,5,17.4,32.4,2,26.1,False,No rain,Warm,Low,Low,Low,Cloudy,5.88,Low
Al Khmissat,33.81,-6.06,2026-09-20,38.1,19.4,0.0,7,19.4,36.7,2,28.75,False,No rain,High,Low,Low,Low,Cloudy,11.76,Low
Guelmim,28.9833,-10.0667,2026-09-14,38.7,27.5,0.5,37,23.0,38.5,51,33.1,True,Light,High,Moderate,Low,Moderate,Drizzle,35.29,Moderate
Guelmim,28.9833,-10.0667,2026-09-15,38.9,24.3,0.0,0,26.0,44.3,0,31.6,False,No rain,High,Moderate,Moderate,Low,Clear,23.53,Low
Guelmim,28.9833,-10.0667,2026-09-16,36.1,20.3,0.0,0,32.6,54.0,0,28.200000000000003,False,No rain,High,High,High,Low,Clear,35.29,Moderate
Guelmim,28.9833,-10.0667,2026-09-17,25.1,18.5,0.0,0,27.4,45.7,3,21.8,False,No rain,Normal,Moderate,Moderate,Low,Cloudy,11.76,Low
Guelmim,28.9833,-10.0667,2026-09-18,27.5,18.3,0.0,0,24.0,42.8,2,22.9,False,No rain,Normal,Moderate,Moderate,Low,Cloudy,11.76,Low
Guelmim,28.9833,-10.0667,2026-09-19,30.6,18.6,0.0,4,19.9,36.7,3,24.6,False,No rain,Warm,Low,Low,Low,Cloudy,5.88,Low
Guelmim,28.9833,-10.0667,2026-09-20,32.0,17.2,0.0,4,13.6,42.8,0,24.6,False,No rain,Warm,Low,Moderate,Low,Clear,11.76,Low
Ksar El Kebir,35.0,-5.9,2026-09-14,39.1,24.4,0.0,0,17.3,34.6,0,31.75,False,No rain,High,Low,Low,Low,Clear,11.76,Low
Ksar El Kebir,35.0,-5.9,2026-09-15,36.1,21.2,0.0,0,25.7,49.0,0,28.65,False,No rain,High,Moderate,Moderate,Low,Clear,23.53,Low
Ksar El Kebir,35.0,-5.9,2026-09-16,30.4,20.5,0.0,0,16.7,32.4,3,25.45,False,No rain,Warm,Low,Low,Low,Cloudy,5.88,Low
Ksar El Kebir,35.0,-5.9,2026-09-17,28.2,19.8,0.0,0,13.8,27.4,3,24.0,False,No rain,Normal,Low,Low,Low,Cloudy,0.0,Low
Ksar El Kebir,35.0,-5.9,2026-09-18,30.8,16.8,0.0,0,17.8,34.9,45,23.8,False,No rain,Warm,Low,Low,Low,Fog,17.65,Low
Ksar El Kebir,35.0,-5.9,2026-09-19,35.9,18.3,0.0,3,14.1,26.3,1,27.1,False,No rain,High,Low,Low,Low,Clear,11.76,Low
Ksar El Kebir,35.0,-5.9,2026-09-20,39.0,21.2,0.0,3,12.1,25.9,1,30.1,False,No rain,High,Low,Low,Low,Clear,11.76,Low
Khénifra,32.93,-5.66,2026-09-14,37.0,19.8,0.0,8,17.1,38.5,3,28.4,False,No rain,High,Low,Low,Low,Cloudy,11.76,Low
Khénifra,32.93,-5.66,2026-09-15,34.9,20.9,0.1,3,19.6,36.4,3,27.9,True,Light,Warm,Low,Low,Low,Cloudy,11.76,Low
Khénifra,32.93,-5.66,2026-09-16,31.5,16.3,0.0,0,15.3,29.5,1,23.9,False,No rain,Warm,Low,Low,Low,Clear,5.88,Low
Khénifra,32.93,-5.66,2026-09-17,30.8,16.8,0.0,33,17.8,34.6,3,23.8,False,No rain,Warm,Low,Low,Moderate,Cloudy,11.76,Low
Khénifra,32.93,-5.66,2026-09-18,33.4,14.9,0.0,28,18.8,38.5,1,24.15,False,No rain,Warm,Low,Low,Moderate,Clear,11.76,Low
Khénifra,32.93,-5.66,2026-09-19,35.9,18.3,0.0,8,17.1,37.8,3,27.1,False,No rain,High,Low,Low,Low,Cloudy,11.76,Low
Khénifra,32.93,-5.66,2026-09-20,37.8,25.1,0.0,12,21.7,40.0,3,31.45,False,No rain,High,Moderate,Low,Low,Cloudy,17.65,Low
Skhirate,33.85,-7.03,2026-09-14,30.6,22.7,0.0,0,10.4,24.8,45,26.65,False,No rain,Warm,Low,Low,Low,Fog,17.65,Low
Skhirate,33.85,-7.03,2026-09-15,26.5,21.1,0.0,0,13.4,30.2,45,23.8,False,No rain,Normal,Low,Low,Low,Fog,11.76,Low
Skhirate,33.85,-7.03,2026-09-16,25.2,20.9,0.0,0,17.1,37.1,3,23.049999999999997,False,No rain,Normal,Low,Low,Low,Cloudy,0.0,Low
Skhirate,33.85,-7.03,2026-09-17,25.1,19.2,0.0,0,13.0,30.2,3,22.15,False,No rain,Normal,Low,Low,Low,Cloudy,0.0,Low
Skhirate,33.85,-7.03,2026-09-18,24.6,17.2,0.0,0,15.1,34.9,2,20.9,False,No rain,Normal,Low,Low,Low,Cloudy,0.0,Low
Skhirate,33.85,-7.03,2026-09-19,27.0,17.7,0.0,0,16.6,33.1,45,22.35,False,No rain,Normal,Low,Low,Low,Fog,11.76,Low
Skhirate,33.85,-7.03,2026-09-20,29.9,19.8,0.0,0,12.0,25.9,2,24.85,False,No rain,Normal,Low,Low,Low,Cloudy,0.0,Low
Beni Yakhlef,33.6555,-7.3221,2026-09-14,36.0,23.9,0.0,0,15.8,29.9,1,29.95,False,No rain,High,Low,Low,Low,Clear,11.76,Low
Beni Yakhlef,33.6555,-7.3221,2026-09-15,30.6,20.7,0.0,0,17.6,32.4,45,25.65,False,No rain,Warm,Low,Low,Low,Fog,17.65,Low
Beni Yakhlef,33.6555,-7.3221,2026-09-16,26.8,19.7,0.0,0,19.6,36.0,3,23.25,False,No rain,Normal,Low,Low,Low,Cloudy,0.0,Low
Beni Yakhlef,33.6555,-7.3221,2026-09-17,27.0,19.0,0.0,0,16.3,30.2,3,23.0,False,No rain,Normal,Low,Low,Low,Cloudy,0.0,Low
Beni Yakhlef,33.6555,-7.3221,2026-09-18,27.2,16.3,0.0,0,19.5,38.2,2,21.75,False,No rain,Normal,Low,Low,Low,Cloudy,0.0,Low
Beni Yakhlef,33.6555,-7.3221,2026-09-19,29.4,17.6,0.0,0,19.5,36.4,45,23.5,False,No rain,Normal,Low,Low,Low,Fog,11.76,Low
Beni Yakhlef,33.6555,-7.3221,2026-09-20,32.4,20.3,0.0,0,16.3,30.6,2,26.35,False,No rain,Warm,Low,Low,Low,Cloudy,5.88,Low
Sidi Yahya Zaer,33.7105,-6.8831,2026-09-14,38.3,23.7,0.0,0,19.9,41.0,1,31.0,False,No rain,High,Low,Moderate,Low,Clear,17.65,Low
Sidi Yahya Zaer,33.7105,-6.8831,2026-09-15,32.5,20.7,0.0,0,19.7,40.0,2,26.6,False,No rain,Warm,Low,Low,Low,Cloudy,5.88,Low
Sidi Yahya Zaer,33.7105,-6.8831,2026-09-16,27.6,18.5,0.0,0,21.7,42.8,3,23.05,False,No rain,Normal,Moderate,Moderate,Low,Cloudy,11.76,Low
Sidi Yahya Zaer,33.7105,-6.8831,2026-09-17,27.4,17.1,0.0,2,16.8,33.5,3,22.25,False,No rain,Normal,Low,Low,Low,Cloudy,0.0,Low
Sidi Yahya Zaer,33.7105,-6.8831,2026-09-18,28.4,15.5,0.0,3,17.8,38.5,45,21.95,False,No rain,Normal,Low,Low,Low,Fog,11.76,Low
Sidi Yahya Zaer,33.7105,-6.8831,2026-09-19,32.5,16.1,0.0,3,18.8,37.8,1,24.3,False,No rain,Warm,Low,Low,Low,Clear,5.88,Low
Sidi Yahya Zaer,33.7105,-6.8831,2026-09-20,35.6,17.8,0.0,0,17.2,34.9,2,26.700000000000003,False,No rain,High,Low,Low,Low,Cloudy,11.76,Low
Ben Guerir,32.23,-7.95,2026-09-14,40.0,26.3,0.0,3,18.1,42.1,3,33.15,False,No rain,High,Low,Moderate,Low,Cloudy,17.65,Low
Ben Guerir,32.23,-7.95,2026-09-15,37.1,25.0,0.0,3,23.8,48.2,3,31.05,False,No rain,High,Moderate,Moderate,Low,Cloudy,23.53,Low
Ben Guerir,32.23,-7.95,2026-09-16,32.9,19.5,0.0,0,21.1,42.1,1,26.2,False,No rain,Warm,Moderate,Moderate,Low,Clear,17.65,Low
Ben Guerir,32.23,-7.95,2026-09-17,28.7,16.5,0.0,5,15.8,33.1,2,22.6,False,No rain,Normal,Low,Low,Low,Cloudy,0.0,Low
Ben Guerir,32.23,-7.95,2026-09-18,31.4,17.1,0.0,15,16.9,34.9,0,24.25,False,No rain,Warm,Low,Low,Low,Clear,5.88,Low
Ben Guerir,32.23,-7.95,2026-09-19,35.6,18.6,0.0,14,22.5,41.8,2,27.1,False,No rain,High,Moderate,Moderate,Low,Cloudy,23.53,Low
Ben Guerir,32.23,-7.95,2026-09-20,36.3,21.7,0.0,15,22.3,42.8,3,29.0,False,No rain,High,Moderate,Moderate,Low,Cloudy,23.53,Low
Ait Ali,30.1739,-9.4881,2026-09-14,40.5,27.2,0.3,5,20.0,32.4,3,33.85,True,Light,Very high,Low,Low,Low,Cloudy,23.53,Low
Ait Ali,30.1739,-9.4881,2026-09-15,36.4,25.6,0.0,3,23.0,37.8,3,31.0,False,No rain,High,Moderate,Low,Low,Cloudy,17.65,Low
Ait Ali,30.1739,-9.4881,2026-09-16,29.7,21.9,0.0,0,30.3,48.6,1,25.799999999999997,False,No rain,Normal,High,Moderate,Low,Clear,17.65,Low
Ait Ali,30.1739,-9.4881,2026-09-17,26.4,20.7,0.0,0,28.5,45.7,2,23.549999999999997,False,No rain,Normal,Moderate,Moderate,Low,Cloudy,11.76,Low
Ait Ali,30.1739,-9.4881,2026-09-18,26.7,20.1,0.0,5,21.8,36.4,1,23.4,False,No rain,Normal,Moderate,Low,Low,Clear,5.88,Low
Ait Ali,30.1739,-9.4881,2026-09-19,28.0,20.1,0.0,3,22.8,39.2,2,24.05,False,No rain,Normal,Moderate,Low,Low,Cloudy,5.88,Low
Ait Ali,30.1739,-9.4881,2026-09-20,28.2,20.8,0.0,0,19.3,32.4,45,24.5,False,No rain,Normal,Low,Low,Low,Fog,11.76,Low
My Drarga,30.3805,-9.4763,2026-09-14,39.6,26.6,0.2,8,19.5,41.8,3,33.1,True,Light,High,Low,Moderate,Low,Cloudy,23.53,Low
My Drarga,30.3805,-9.4763,2026-09-15,35.3,26.0,0.1,3,16.3,35.3,3,30.65,True,Light,High,Low,Low,Low,Cloudy,17.65,Low
My Drarga,30.3805,-9.4763,2026-09-16,33.9,22.2,0.0,0,17.2,40.0,2,28.049999999999997,False,No rain,Warm,Low,Low,Low,Cloudy,5.88,Low
My Drarga,30.3805,-9.4763,2026-09-17,27.2,20.5,0.0,0,17.5,39.2,2,23.85,False,No rain,Normal,Low,Low,Low,Cloudy,0.0,Low
My Drarga,30.3805,-9.4763,2026-09-18,26.5,19.6,0.0,5,17.4,38.2,2,23.05,False,No rain,Normal,Low,Low,Low,Cloudy,0.0,Low
My Drarga,30.3805,-9.4763,2026-09-19,29.4,19.9,0.0,3,16.6,34.2,45,24.65,False,No rain,Normal,Low,Low,Low,Fog,11.76,Low
My Drarga,30.3805,-9.4763,2026-09-20,31.1,21.0,0.0,0,16.7,33.1,2,26.05,False,No rain,Warm,Low,Low,Low,Cloudy,5.88,Low
Lqoliaa,30.2942,-9.4544,2026-09-14,40.5,25.1,0.1,3,20.5,42.5,3,32.8,True,Light,Very high,Moderate,Moderate,Low,Cloudy,35.29,Moderate
Lqoliaa,30.2942,-9.4544,2026-09-15,37.1,25.4,0.0,3,19.7,43.6,3,31.25,False,No rain,High,Low,Moderate,Low,Cloudy,17.65,Low
Lqoliaa,30.2942,-9.4544,2026-09-16,30.4,21.4,0.0,0,27.6,54.0,1,25.9,False,No rain,Warm,Moderate,High,Low,Clear,23.53,Low
Lqoliaa,30.2942,-9.4544,2026-09-17,27.2,20.7,0.0,0,19.5,40.7,3,23.95,False,No rain,Normal,Low,Moderate,Low,Cloudy,5.88,Low
Lqoliaa,30.2942,-9.4544,2026-09-18,27.3,19.4,0.0,5,20.2,43.6,2,23.35,False,No rain,Normal,Moderate,Moderate,Low,Cloudy,11.76,Low
Lqoliaa,30.2942,-9.4544,2026-09-19,27.4,19.8,0.0,3,22.1,47.2,2,23.6,False,No rain,Normal,Moderate,Moderate,Low,Cloudy,11.76,Low
Lqoliaa,30.2942,-9.4544,2026-09-20,27.8,20.2,0.0,0,19.5,41.8,2,24.0,False,No rain,Normal,Low,Moderate,Low,Cloudy,5.88,Low
El Kelaa des Srarhna,32.05,-7.4,2026-09-14,40.0,24.9,0.0,8,16.0,29.2,3,32.45,False,No rain,High,Low,Low,Low,Cloudy,11.76,Low
El Kelaa des Srarhna,32.05,-7.4,2026-09-15,38.2,24.7,0.0,3,21.6,36.7,3,31.450000000000003,False,No rain,High,Moderate,Low,Low,Cloudy,17.65,Low
El Kelaa des Srarhna,32.05,-7.4,2026-09-16,34.2,19.5,0.0,0,20.3,34.9,0,26.85,False,No rain,Warm,Moderate,Low,Low,Clear,11.76,Low
El Kelaa des Srarhna,32.05,-7.4,2026-09-17,29.9,17.3,0.0,5,15.6,27.0,3,23.6,False,No rain,Normal,Low,Low,Low,Cloudy,0.0,Low
El Kelaa des Srarhna,32.05,-7.4,2026-09-18,32.3,17.8,0.0,17,13.6,26.6,1,25.049999999999997,False,No rain,Warm,Low,Low,Low,Clear,5.88,Low
El Kelaa des Srarhna,32.05,-7.4,2026-09-19,36.7,19.1,0.0,18,17.5,32.0,2,27.900000000000002,False,No rain,High,Low,Low,Low,Cloudy,11.76,Low
El Kelaa des Srarhna,32.05,-7.4,2026-09-20,38.5,20.3,0.0,15,23.2,40.0,3,29.4,False,No rain,High,Moderate,Low,Low,Cloudy,17.65,Low
Moulay Abdallah,33.1978,-8.5883,2026-09-14,32.2,21.8,0.0,0,16.3,25.9,2,27.0,False,No rain,Warm,Low,Low,Low,Cloudy,5.88,Low
Moulay Abdallah,33.1978,-8.5883,2026-09-15,29.0,21.8,0.0,0,20.4,32.0,45,25.4,False,No rain,Normal,Moderate,Low,Low,Fog,17.65,Low
Moulay Abdallah,33.1978,-8.5883,2026-09-16,25.8,21.4,0.0,0,21.7,33.8,2,23.6,False,No rain,Normal,Moderate,Low,Low,Cloudy,5.88,Low
Moulay Abdallah,33.1978,-8.5883,2026-09-17,26.1,19.5,0.0,2,16.6,25.9,3,22.8,False,No rain,Normal,Low,Low,Low,Cloudy,0.0,Low
Moulay Abdallah,33.1978,-8.5883,2026-09-18,26.1,19.6,0.0,3,22.8,35.6,2,22.85,False,No rain,Normal,Moderate,Low,Low,Cloudy,5.88,Low
Moulay Abdallah,33.1978,-8.5883,2026-09-19,27.5,20.9,0.0,0,24.5,46.4,2,24.2,False,No rain,Normal,Moderate,Moderate,Low,Cloudy,11.76,Low
Moulay Abdallah,33.1978,-8.5883,2026-09-20,28.3,21.6,0.0,0,13.7,25.9,45,24.950000000000003,False,No rain,Normal,Low,Low,Low,Fog,11.76,Low
Tiflet,33.9,-6.33,2026-09-14,38.6,25.4,0.0,0,18.8,37.4,1,32.0,False,No rain,High,Low,Low,Low,Clear,11.76,Low
Tiflet,33.9,-6.33,2026-09-15,33.6,22.1,0.0,0,18.4,37.1,3,27.85,False,No rain,Warm,Low,Low,Low,Cloudy,5.88,Low
Tiflet,33.9,-6.33,2026-09-16,29.0,19.1,0.0,0,19.7,38.9,3,24.05,False,No rain,Normal,Low,Low,Low,Cloudy,0.0,Low
Tiflet,33.9,-6.33,2026-09-17,27.6,16.7,0.0,0,14.4,29.2,3,22.15,False,No rain,Normal,Low,Low,Low,Cloudy,0.0,Low
Tiflet,33.9,-6.33,2026-09-18,30.3,15.9,0.0,3,16.0,38.2,3,23.1,False,No rain,Warm,Low,Low,Low,Cloudy,5.88,Low
Tiflet,33.9,-6.33,2026-09-19,34.6,18.0,0.0,3,17.2,33.5,1,26.3,False,No rain,Warm,Low,Low,Low,Clear,5.88,Low
Tiflet,33.9,-6.33,2026-09-20,38.1,19.7,0.0,3,18.0,36.4,2,28.9,False,No rain,High,Low,Low,Low,Cloudy,11.76,Low
Oulad Teïma,30.4,-9.21,2026-09-14,42.0,24.5,0.0,8,18.8,39.6,3,33.25,False,No rain,Very high,Low,Low,Low,Cloudy,17.65,Low
Oulad Teïma,30.4,-9.21,2026-09-15,40.7,25.4,0.0,3,21.3,44.3,3,33.05,False,No rain,Very high,Moderate,Moderate,Low,Cloudy,29.41,Moderate
Oulad Teïma,30.4,-9.21,2026-09-16,34.0,21.1,0.0,0,30.2,56.9,0,27.55,False,No rain,Warm,High,High,Low,Clear,29.41,Moderate
Oulad Teïma,30.4,-9.21,2026-09-17,29.4,19.3,0.0,0,26.2,48.6,3,24.35,False,No rain,Normal,Moderate,Moderate,Low,Cloudy,11.76,Low
Oulad Teïma,30.4,-9.21,2026-09-18,29.3,17.9,0.0,10,23.5,44.6,1,23.6,False,No rain,Normal,Moderate,Moderate,Low,Clear,11.76,Low
Oulad Teïma,30.4,-9.21,2026-09-19,29.0,18.5,0.0,4,32.2,56.5,45,23.75,False,No rain,Normal,High,High,Low,Fog,35.29,Moderate
Oulad Teïma,30.4,-9.21,2026-09-20,30.0,19.2,0.0,3,28.8,49.3,45,24.6,False,No rain,Normal,Moderate,Moderate,Low,Fog,23.53,Low
Berkane,34.9167,-2.3167,2026-09-14,26.8,18.8,0.0,0,15.4,32.0,2,22.8,False,No rain,Normal,Low,Low,Low,Cloudy,0.0,Low
Berkane,34.9167,-2.3167,2026-09-15,27.0,18.3,0.0,0,12.4,26.6,3,22.65,False,No rain,Normal,Low,Low,Low,Cloudy,0.0,Low
Berkane,34.9167,-2.3167,2026-09-16,31.6,16.4,0.0,0,13.7,29.5,2,24.0,False,No rain,Warm,Low,Low,Low,Cloudy,5.88,Low
Berkane,34.9167,-2.3167,2026-09-17,25.8,19.7,0.0,2,16.0,34.2,3,22.75,False,No rain,Normal,Low,Low,Low,Cloudy,0.0,Low
Berkane,34.9167,-2.3167,2026-09-18,25.9,17.4,0.0,8,18.4,37.8,3,21.65,False,No rain,Normal,Low,Low,Low,Cloudy,0.0,Low
Berkane,34.9167,-2.3167,2026-09-19,27.0,17.9,0.0,8,19.2,36.4,45,22.45,False,No rain,Normal,Low,Low,Low,Fog,11.76,Low
Berkane,34.9167,-2.3167,2026-09-20,27.2,19.0,0.0,8,14.0,28.8,45,23.1,False,No rain,Normal,Low,Low,Low,Fog,11.76,Low
Ain El Aouda,33.8111,-6.7922,2026-09-14,37.2,22.6,0.0,0,17.4,34.9,1,29.900000000000002,False,No rain,High,Low,Low,Low,Clear,11.76,Low
Ain El Aouda,33.8111,-6.7922,2026-09-15,31.4,20.0,0.0,0,18.4,36.4,2,25.7,False,No rain,Warm,Low,Low,Low,Cloudy,5.88,Low
Ain El Aouda,33.8111,-6.7922,2026-09-16,27.1,18.8,0.0,0,20.8,41.4,3,22.950000000000003,False,No rain,Normal,Moderate,Moderate,Low,Cloudy,11.76,Low
Ain El Aouda,33.8111,-6.7922,2026-09-17,27.2,17.1,0.0,0,15.7,31.0,3,22.15,False,No rain,Normal,Low,Low,Low,Cloudy,0.0,Low
Ain El Aouda,33.8111,-6.7922,2026-09-18,28.6,15.4,0.0,0,16.7,36.7,45,22.0,False,No rain,Normal,Low,Low,Low,Fog,11.76,Low
Ain El Aouda,33.8111,-6.7922,2026-09-19,34.2,15.0,0.0,3,16.9,36.0,45,24.6,False,No rain,Warm,Low,Low,Low,Fog,17.65,Low
Ain El Aouda,33.8111,-6.7922,2026-09-20,36.7,18.6,0.0,3,16.8,33.5,2,27.650000000000002,False,No rain,High,Low,Low,Low,Cloudy,11.76,Low
Errachidia,31.9319,-4.4244,2026-09-14,36.4,25.1,0.0,3,14.7,32.4,3,30.75,False,No rain,High,Low,Low,Low,Cloudy,11.76,Low
Errachidia,31.9319,-4.4244,2026-09-15,34.0,25.0,0.0,15,10.6,27.0,3,29.5,False,No rain,Warm,Low,Low,Low,Cloudy,5.88,Low
Errachidia,31.9319,-4.4244,2026-09-16,33.1,22.2,0.0,3,21.1,41.0,2,27.65,False,No rain,Warm,Moderate,Moderate,Low,Cloudy,17.65,Low
Errachidia,31.9319,-4.4244,2026-09-17,32.9,21.4,0.2,47,30.9,68.4,61,27.15,True,Light,Warm,High,Very high,Moderate,Rain,58.82,High
Errachidia,31.9319,-4.4244,2026-09-18,33.5,21.9,0.3,46,17.1,33.5,3,27.7,True,Light,Warm,Low,Low,Moderate,Cloudy,17.65,Low
Errachidia,31.9319,-4.4244,2026-09-19,34.2,23.6,0.0,25,15.2,25.2,3,28.900000000000002,False,No rain,Warm,Low,Low,Moderate,Cloudy,11.76,Low
Errachidia,31.9319,-4.4244,2026-09-20,35.2,23.0,0.0,24,12.5,22.0,2,29.1,False,No rain,High,Low,Low,Moderate,Cloudy,17.65,Low
Al Fqih Ben Çalah,32.507,-6.6886,2026-09-14,41.2,21.6,0.0,3,16.6,31.3,3,31.400000000000002,False,No rain,Very high,Low,Low,Low,Cloudy,17.65,Low
Al Fqih Ben Çalah,32.507,-6.6886,2026-09-15,39.6,22.7,0.0,3,20.9,40.0,3,31.15,False,No rain,High,Moderate,Low,Low,Cloudy,17.65,Low
Al Fqih Ben Çalah,32.507,-6.6886,2026-09-16,35.3,17.1,0.0,0,18.6,38.2,1,26.2,False,No rain,High,Low,Low,Low,Clear,11.76,Low
Al Fqih Ben Çalah,32.507,-6.6886,2026-09-17,32.6,16.2,0.0,5,14.5,27.0,45,24.4,False,No rain,Warm,Low,Low,Low,Fog,17.65,Low
Al Fqih Ben Çalah,32.507,-6.6886,2026-09-18,35.0,16.4,0.0,15,14.4,26.6,1,25.7,False,No rain,Warm,Low,Low,Low,Clear,5.88,Low
Al Fqih Ben Çalah,32.507,-6.6886,2026-09-19,39.7,17.9,0.0,9,19.4,32.0,2,28.8,False,No rain,High,Low,Low,Low,Cloudy,11.76,Low
Al Fqih Ben Çalah,32.507,-6.6886,2026-09-20,41.3,23.9,0.0,3,24.0,39.6,3,32.599999999999994,False,No rain,Very high,Moderate,Low,Low,Cloudy,23.53,Low
Ad Darwa,33.4167,-7.5333,2026-09-14,37.6,23.9,0.0,0,17.0,33.8,1,30.75,False,No rain,High,Low,Low,Low,Clear,11.76,Low
Ad Darwa,33.4167,-7.5333,2026-09-15,33.3,21.2,0.0,0,16.9,33.1,2,27.25,False,No rain,Warm,Low,Low,Low,Cloudy,5.88,Low
Ad Darwa,33.4167,-7.5333,2026-09-16,27.6,19.6,0.0,0,17.9,34.2,45,23.6,False,No rain,Normal,Low,Low,Low,Fog,11.76,Low
Ad Darwa,33.4167,-7.5333,2026-09-17,27.5,18.5,0.0,0,15.1,29.5,3,23.0,False,No rain,Normal,Low,Low,Low,Cloudy,0.0,Low
Ad Darwa,33.4167,-7.5333,2026-09-18,28.1,17.0,0.0,3,19.1,38.2,2,22.55,False,No rain,Normal,Low,Low,Low,Cloudy,0.0,Low
Ad Darwa,33.4167,-7.5333,2026-09-19,31.4,18.4,0.0,3,20.5,39.6,45,24.9,False,No rain,Warm,Moderate,Low,Low,Fog,23.53,Low
Ad Darwa,33.4167,-7.5333,2026-09-20,35.7,20.2,0.0,3,18.6,35.3,2,27.950000000000003,False,No rain,High,Low,Low,Low,Cloudy,11.76,Low
Martil,35.61,-5.27,2026-09-14,25.7,22.2,0.0,0,18.7,41.8,2,23.95,False,No rain,Normal,Low,Moderate,Low,Cloudy,5.88,Low
Martil,35.61,-5.27,2026-09-15,26.5,21.8,0.0,0,11.0,26.6,2,24.15,False,No rain,Normal,Low,Low,Low,Cloudy,0.0,Low
Martil,35.61,-5.27,2026-09-16,33.4,19.8,0.0,0,22.7,52.6,1,26.6,False,No rain,Warm,Moderate,High,Low,Clear,23.53,Low
Martil,35.61,-5.27,2026-09-17,25.3,19.6,0.0,2,15.1,34.2,3,22.450000000000003,False,No rain,Normal,Low,Low,Low,Cloudy,0.0,Low
Martil,35.61,-5.27,2026-09-18,25.2,19.4,0.0,10,16.2,36.4,45,22.299999999999997,False,No rain,Normal,Low,Low,Low,Fog,11.76,Low
Martil,35.61,-5.27,2026-09-19,25.1,21.9,0.9,24,34.4,60.5,80,23.5,True,Light,Normal,High,High,Moderate,Rain showers,47.06,Moderate
Martil,35.61,-5.27,2026-09-20,25.3,22.4,0.0,3,33.8,60.1,2,23.85,False,No rain,Normal,High,High,Low,Cloudy,23.53,Low
Sidi Slimane,34.26,-5.93,2026-09-14,40.2,23.5,0.0,0,17.7,37.8,0,31.85,False,No rain,Very high,Low,Low,Low,Clear,17.65,Low
Sidi Slimane,34.26,-5.93,2026-09-15,35.4,20.8,0.0,0,20.1,41.4,0,28.1,False,No rain,High,Moderate,Moderate,Low,Clear,23.53,Low
Sidi Slimane,34.26,-5.93,2026-09-16,30.9,20.8,0.0,0,20.0,41.8,3,25.85,False,No rain,Warm,Low,Moderate,Low,Cloudy,11.76,Low
Sidi Slimane,34.26,-5.93,2026-09-17,28.9,18.9,0.0,0,13.8,29.5,3,23.9,False,No rain,Normal,Low,Low,Low,Cloudy,0.0,Low
Sidi Slimane,34.26,-5.93,2026-09-18,32.9,16.8,0.0,0,14.0,35.6,45,24.85,False,No rain,Warm,Low,Low,Low,Fog,17.65,Low
Sidi Slimane,34.26,-5.93,2026-09-19,36.8,18.6,0.0,3,18.4,35.3,1,27.7,False,No rain,High,Low,Low,Low,Clear,11.76,Low
Sidi Slimane,34.26,-5.93,2026-09-20,40.2,23.7,0.0,3,19.0,34.6,2,31.950000000000003,False,No rain,Very high,Low,Low,Low,Cloudy,17.65,Low
Oued Zem,32.8619,-6.5711,2026-09-14,37.7,23.0,0.0,10,18.7,44.6,3,30.35,False,No rain,High,Low,Moderate,Low,Cloudy,17.65,Low
Oued Zem,32.8619,-6.5711,2026-09-15,35.7,22.7,0.0,0,22.4,43.6,3,29.200000000000003,False,No rain,High,Moderate,Moderate,Low,Cloudy,23.53,Low
Oued Zem,32.8619,-6.5711,2026-09-16,32.2,17.6,0.0,0,19.8,40.7,1,24.900000000000002,False,No rain,Warm,Low,Moderate,Low,Clear,11.76,Low
Oued Zem,32.8619,-6.5711,2026-09-17,30.3,16.3,0.0,5,16.2,36.0,3,23.3,False,No rain,Warm,Low,Low,Low,Cloudy,5.88,Low
Oued Zem,32.8619,-6.5711,2026-09-18,31.5,15.0,0.0,15,19.1,38.2,1,23.25,False,No rain,Warm,Low,Low,Low,Clear,5.88,Low
Oued Zem,32.8619,-6.5711,2026-09-19,34.9,18.4,0.0,11,20.7,44.3,2,26.65,False,No rain,Warm,Moderate,Moderate,Low,Cloudy,17.65,Low
Oued Zem,32.8619,-6.5711,2026-09-20,37.6,23.6,0.0,8,25.4,51.8,2,30.6,False,No rain,High,Moderate,High,Low,Cloudy,29.41,Moderate
Sefrou,33.83,-4.83,2026-09-14,34.8,24.7,0.0,0,16.9,37.1,1,29.75,False,No rain,Warm,Low,Low,Low,Clear,5.88,Low
Sefrou,33.83,-4.83,2026-09-15,32.3,23.2,0.0,0,15.2,33.1,3,27.75,False,No rain,Warm,Low,Low,Low,Cloudy,5.88,Low
Sefrou,33.83,-4.83,2026-09-16,29.3,18.9,0.0,0,19.0,40.7,1,24.1,False,No rain,Normal,Low,Moderate,Low,Clear,5.88,Low
Sefrou,33.83,-4.83,2026-09-17,26.0,17.7,0.0,15,15.9,35.6,3,21.85,False,No rain,Normal,Low,Low,Low,Cloudy,0.0,Low
Sefrou,33.83,-4.83,2026-09-18,28.2,16.8,0.0,13,14.8,33.5,3,22.5,False,No rain,Normal,Low,Low,Low,Cloudy,0.0,Low
Sefrou,33.83,-4.83,2026-09-19,31.3,19.6,0.0,3,16.7,32.8,3,25.450000000000003,False,No rain,Warm,Low,Low,Low,Cloudy,5.88,Low
Sefrou,33.83,-4.83,2026-09-20,34.4,18.8,0.0,3,18.0,34.6,1,26.6,False,No rain,Warm,Low,Low,Low,Clear,5.88,Low
Taroudannt,30.4711,-8.8778,2026-09-14,42.5,26.1,0.0,5,18.9,36.7,3,34.3,False,No rain,Very high,Low,Low,Low,Cloudy,17.65,Low
Taroudannt,30.4711,-8.8778,2026-09-15,41.3,26.5,0.2,8,19.0,40.7,3,33.9,True,Light,Very high,Low,Moderate,Low,Cloudy,29.41,Moderate
Taroudannt,30.4711,-8.8778,2026-09-16,35.9,23.2,0.0,0,23.0,45.7,0,29.549999999999997,False,No rain,High,Moderate,Moderate,Low,Clear,23.53,Low
Taroudannt,30.4711,-8.8778,2026-09-17,30.7,18.7,0.0,0,26.9,52.6,45,24.7,False,No rain,Warm,Moderate,High,Low,Fog,35.29,Moderate
Taroudannt,30.4711,-8.8778,2026-09-18,30.9,17.9,0.0,8,21.7,43.6,1,24.4,False,No rain,Warm,Moderate,Moderate,Low,Clear,17.65,Low
Taroudannt,30.4711,-8.8778,2026-09-19,32.5,18.1,0.0,8,27.1,49.3,1,25.3,False,No rain,Warm,Moderate,Moderate,Low,Clear,17.65,Low
Taroudannt,30.4711,-8.8778,2026-09-20,34.3,19.2,0.0,3,27.5,50.4,0,26.75,False,No rain,Warm,Moderate,High,Low,Clear,23.53,Low
Essaouira,31.513,-9.7687,2026-09-14,34.0,22.3,0.0,3,19.1,43.2,3,28.15,False,No rain,Warm,Low,Moderate,Low,Cloudy,11.76,Low
Essaouira,31.513,-9.7687,2026-09-15,28.9,22.1,0.0,0,25.5,47.9,3,25.5,False,No rain,Normal,Moderate,Moderate,Low,Cloudy,11.76,Low
Essaouira,31.513,-9.7687,2026-09-16,24.8,19.9,0.0,0,36.6,67.7,1,22.35,False,No rain,Normal,High,Very high,Low,Clear,29.41,Moderate
Essaouira,31.513,-9.7687,2026-09-17,24.0,18.9,0.0,0,29.2,53.3,1,21.45,False,No rain,Normal,Moderate,High,Low,Clear,17.65,Low
Essaouira,31.513,-9.7687,2026-09-18,24.0,18.8,0.0,2,28.8,54.0,1,21.4,False,No rain,Normal,Moderate,High,Low,Clear,17.65,Low
Essaouira,31.513,-9.7687,2026-09-19,30.8,18.9,0.0,3,28.1,51.5,1,24.85,False,No rain,Warm,Moderate,High,Low,Clear,23.53,Low
Essaouira,31.513,-9.7687,2026-09-20,27.7,19.8,0.0,0,10.9,22.0,1,23.75,False,No rain,Normal,Low,Low,Low,Clear,0.0,Low
Azrou,33.4344,-5.2213,2026-09-14,31.4,18.9,0.0,13,15.4,48.6,3,25.15,False,No rain,Warm,Low,Moderate,Low,Cloudy,11.76,Low
Azrou,33.4344,-5.2213,2026-09-15,30.1,18.9,0.0,3,18.8,41.4,3,24.5,False,No rain,Warm,Low,Moderate,Low,Cloudy,11.76,Low
Azrou,33.4344,-5.2213,2026-09-16,26.2,14.4,0.0,0,15.8,37.8,1,20.3,False,No rain,Normal,Low,Low,Low,Clear,0.0,Low
Azrou,33.4344,-5.2213,2026-09-17,26.0,15.3,0.0,35,15.8,37.8,3,20.65,False,No rain,Normal,Low,Low,Moderate,Cloudy,5.88,Low
Azrou,33.4344,-5.2213,2026-09-18,26.8,13.4,0.0,40,12.6,28.1,3,20.1,False,No rain,Normal,Low,Low,Moderate,Cloudy,5.88,Low
Azrou,33.4344,-5.2213,2026-09-19,29.7,17.9,0.3,8,17.4,41.0,3,23.799999999999997,True,Light,Normal,Low,Moderate,Low,Cloudy,11.76,Low
Azrou,33.4344,-5.2213,2026-09-20,32.1,21.7,0.0,22,16.5,43.6,3,26.9,False,No rain,Warm,Low,Moderate,Moderate,Cloudy,17.65,Low
Guercif,34.23,-3.36,2026-09-14,32.3,19.5,0.0,0,25.5,46.8,1,25.9,False,No rain,Warm,Moderate,Moderate,Low,Clear,17.65,Low
Guercif,34.23,-3.36,2026-09-15,33.5,18.8,0.0,0,22.7,42.1,3,26.15,False,No rain,Warm,Moderate,Moderate,Low,Cloudy,17.65,Low
Guercif,34.23,-3.36,2026-09-16,34.4,18.5,0.0,0,25.9,48.2,2,26.45,False,No rain,Warm,Moderate,Moderate,Low,Cloudy,17.65,Low
Guercif,34.23,-3.36,2026-09-17,31.4,20.6,0.0,8,27.1,50.8,3,26.0,False,No rain,Warm,Moderate,High,Low,Cloudy,23.53,Low
Guercif,34.23,-3.36,2026-09-18,30.3,17.3,0.0,13,27.8,52.9,3,23.8,False,No rain,Warm,Moderate,High,Low,Cloudy,23.53,Low
Guercif,34.23,-3.36,2026-09-19,29.5,18.9,0.0,8,30.9,52.6,3,24.2,False,No rain,Normal,High,High,Low,Cloudy,23.53,Low
Guercif,34.23,-3.36,2026-09-20,31.0,20.4,0.0,8,27.6,50.0,3,25.7,False,No rain,Warm,Moderate,Moderate,Low,Cloudy,17.65,Low
Warzat,30.9167,-6.9167,2026-09-14,34.4,19.7,0.0,18,8.9,20.5,3,27.049999999999997,False,No rain,Warm,Low,Low,Low,Cloudy,5.88,Low
Warzat,30.9167,-6.9167,2026-09-15,31.7,21.9,0.3,20,21.1,58.0,61,26.799999999999997,True,Light,Warm,Moderate,High,Low,Rain,41.18,Moderate
Warzat,30.9167,-6.9167,2026-09-16,33.0,18.5,0.0,0,27.5,48.2,1,25.75,False,No rain,Warm,Moderate,Moderate,Low,Clear,17.65,Low
Warzat,30.9167,-6.9167,2026-09-17,32.9,16.8,0.0,20,7.4,17.3,3,24.85,False,No rain,Warm,Low,Low,Low,Cloudy,5.88,Low
Warzat,30.9167,-6.9167,2026-09-18,33.3,17.9,0.0,43,17.2,29.2,1,25.599999999999998,False,No rain,Warm,Low,Low,Moderate,Clear,11.76,Low
Warzat,30.9167,-6.9167,2026-09-19,34.2,19.8,0.0,28,17.8,31.0,2,27.0,False,No rain,Warm,Low,Low,Moderate,Cloudy,11.76,Low
Warzat,30.9167,-6.9167,2026-09-20,34.0,18.7,0.0,3,11.6,21.2,0,26.35,False,No rain,Warm,Low,Low,Low,Clear,5.88,Low
Fnidq,35.8414,-5.3587,2026-09-14,26.1,22.4,0.0,0,23.7,45.4,2,24.25,False,No rain,Normal,Moderate,Moderate,Low,Cloudy,11.76,Low
Fnidq,35.8414,-5.3587,2026-09-15,26.6,20.8,0.0,0,10.3,22.7,2,23.700000000000003,False,No rain,Normal,Low,Low,Low,Cloudy,0.0,Low
Fnidq,35.8414,-5.3587,2026-09-16,30.6,18.9,0.0,0,28.4,54.0,3,24.75,False,No rain,Warm,Moderate,High,Low,Cloudy,23.53,Low
Fnidq,35.8414,-5.3587,2026-09-17,26.6,19.2,0.0,2,14.1,29.5,45,22.9,False,No rain,Normal,Low,Low,Low,Fog,11.76,Low
Fnidq,35.8414,-5.3587,2026-09-18,25.3,20.0,0.0,10,16.3,31.7,45,22.65,False,No rain,Normal,Low,Low,Low,Fog,11.76,Low
Fnidq,35.8414,-5.3587,2026-09-19,25.0,21.8,0.3,24,34.4,60.5,3,23.4,True,Light,Normal,High,High,Moderate,Cloudy,35.29,Moderate
Fnidq,35.8414,-5.3587,2026-09-20,25.2,22.4,0.0,3,33.8,60.1,2,23.799999999999997,False,No rain,Normal,High,High,Low,Cloudy,23.53,Low
Tan-Tan,28.4333,-11.1,2026-09-14,38.6,26.8,0.0,16,27.2,46.4,2,32.7,False,No rain,High,Moderate,Moderate,Low,Cloudy,23.53,Low
Tan-Tan,28.4333,-11.1,2026-09-15,34.4,23.5,0.0,0,19.9,37.8,0,28.95,False,No rain,Warm,Low,Low,Low,Clear,5.88,Low
Tan-Tan,28.4333,-11.1,2026-09-16,30.3,20.5,0.0,0,25.8,47.5,0,25.4,False,No rain,Warm,Moderate,Moderate,Low,Clear,17.65,Low
Tan-Tan,28.4333,-11.1,2026-09-17,25.7,20.0,0.1,0,31.4,56.2,51,22.85,True,Light,Normal,High,High,Low,Drizzle,35.29,Moderate
Tan-Tan,28.4333,-11.1,2026-09-18,25.8,19.5,0.0,0,25.8,47.9,2,22.65,False,No rain,Normal,Moderate,Moderate,Low,Cloudy,11.76,Low
Tan-Tan,28.4333,-11.1,2026-09-19,25.9,19.7,0.0,0,20.1,39.2,3,22.799999999999997,False,No rain,Normal,Moderate,Low,Low,Cloudy,5.88,Low
Tan-Tan,28.4333,-11.1,2026-09-20,27.9,17.0,0.0,2,13.9,32.0,3,22.45,False,No rain,Normal,Low,Low,Low,Cloudy,0.0,Low
Sidi Qacem,34.21,-5.7,2026-09-14,40.4,25.3,0.0,0,17.3,36.4,0,32.85,False,No rain,Very high,Low,Low,Low,Clear,17.65,Low
Sidi Qacem,34.21,-5.7,2026-09-15,35.4,21.9,0.0,0,20.8,43.6,0,28.65,False,No rain,High,Moderate,Moderate,Low,Clear,23.53,Low
Sidi Qacem,34.21,-5.7,2026-09-16,31.4,20.9,0.0,0,19.7,41.0,2,26.15,False,No rain,Warm,Low,Moderate,Low,Cloudy,11.76,Low
Sidi Qacem,34.21,-5.7,2026-09-17,28.7,18.7,0.0,0,12.8,28.1,3,23.7,False,No rain,Normal,Low,Low,Low,Cloudy,0.0,Low
Sidi Qacem,34.21,-5.7,2026-09-18,32.8,17.5,0.0,0,16.0,32.4,45,25.15,False,No rain,Warm,Low,Low,Low,Fog,17.65,Low
Sidi Qacem,34.21,-5.7,2026-09-19,36.1,20.3,0.0,3,18.1,36.7,3,28.200000000000003,False,No rain,High,Low,Low,Low,Cloudy,11.76,Low
Sidi Qacem,34.21,-5.7,2026-09-20,39.7,24.6,0.0,3,14.2,29.2,2,32.150000000000006,False,No rain,High,Low,Low,Low,Cloudy,11.76,Low
M’diq,35.68,-5.32,2026-09-14,25.6,22.1,0.0,0,18.7,41.8,2,23.85,False,No rain,Normal,Low,Moderate,Low,Cloudy,5.88,Low
M’diq,35.68,-5.32,2026-09-15,26.4,21.6,0.0,0,11.0,26.6,2,24.0,False,No rain,Normal,Low,Low,Low,Cloudy,0.0,Low
M’diq,35.68,-5.32,2026-09-16,33.2,19.6,0.0,0,22.7,52.6,1,26.400000000000002,False,No rain,Warm,Moderate,High,Low,Clear,23.53,Low
M’diq,35.68,-5.32,2026-09-17,25.2,19.5,0.0,0,15.1,34.2,3,22.35,False,No rain,Normal,Low,Low,Low,Cloudy,0.0,Low
M’diq,35.68,-5.32,2026-09-18,25.1,19.3,0.0,8,16.2,36.4,45,22.200000000000003,False,No rain,Normal,Low,Low,Low,Fog,11.76,Low
M’diq,35.68,-5.32,2026-09-19,26.3,21.7,0.9,4,36.1,73.8,80,24.0,True,Light,Normal,High,Very high,Low,Rain showers,47.06,Moderate
M’diq,35.68,-5.32,2026-09-20,26.5,22.4,0.0,3,36.7,76.3,2,24.45,False,No rain,Normal,High,Very high,Low,Cloudy,29.41,Moderate
Youssoufia,32.25,-8.53,2026-09-14,40.7,26.9,0.0,0,22.0,45.7,3,33.8,False,No rain,Very high,Moderate,Moderate,Low,Cloudy,29.41,Moderate
Youssoufia,32.25,-8.53,2026-09-15,37.4,24.1,0.0,0,24.2,49.3,3,30.75,False,No rain,High,Moderate,Moderate,Low,Cloudy,23.53,Low
Youssoufia,32.25,-8.53,2026-09-16,31.4,18.7,0.0,0,21.8,44.6,1,25.049999999999997,False,No rain,Warm,Moderate,Moderate,Low,Clear,17.65,Low
Youssoufia,32.25,-8.53,2026-09-17,28.3,17.4,0.0,2,17.0,36.0,2,22.85,False,No rain,Normal,Low,Low,Low,Cloudy,0.0,Low
Youssoufia,32.25,-8.53,2026-09-18,31.0,17.0,0.0,5,18.0,38.5,45,24.0,False,No rain,Warm,Low,Low,Low,Fog,17.65,Low
Youssoufia,32.25,-8.53,2026-09-19,34.7,16.8,0.0,5,22.3,41.0,1,25.75,False,No rain,Warm,Moderate,Moderate,Low,Clear,17.65,Low
Youssoufia,32.25,-8.53,2026-09-20,32.6,21.5,0.0,5,22.0,40.0,1,27.05,False,No rain,Warm,Moderate,Low,Low,Clear,11.76,Low
Midalt,32.68,-4.74,2026-09-14,30.3,17.0,0.3,13,21.5,44.3,80,23.65,True,Light,Warm,Moderate,Moderate,Low,Rain showers,35.29,Moderate
Midalt,32.68,-4.74,2026-09-15,29.9,17.5,0.4,5,20.8,37.4,80,23.7,True,Light,Normal,Moderate,Low,Low,Rain showers,23.53,Low
Midalt,32.68,-4.74,2026-09-16,27.0,17.4,0.0,0,24.7,43.9,2,22.2,False,No rain,Normal,Moderate,Moderate,Low,Cloudy,11.76,Low
Midalt,32.68,-4.74,2026-09-17,29.2,14.4,0.0,45,26.8,47.2,3,21.8,False,No rain,Normal,Moderate,Moderate,Moderate,Cloudy,17.65,Low
Midalt,32.68,-4.74,2026-09-18,27.9,14.3,0.0,19,18.7,39.6,3,21.1,False,No rain,Normal,Low,Low,Low,Cloudy,0.0,Low
Midalt,32.68,-4.74,2026-09-19,30.2,14.7,0.0,7,14.8,31.3,3,22.45,False,No rain,Warm,Low,Low,Low,Cloudy,5.88,Low
Midalt,32.68,-4.74,2026-09-20,31.8,15.5,0.0,8,18.3,32.8,2,23.65,False,No rain,Warm,Low,Low,Low,Cloudy,5.88,Low
Aïn Harrouda,33.6372,-7.4483,2026-09-14,33.6,23.4,0.0,0,11.1,29.2,1,28.5,False,No rain,Warm,Low,Low,Low,Clear,5.88,Low
Aïn Harrouda,33.6372,-7.4483,2026-09-15,29.2,21.7,0.0,0,12.8,33.8,45,25.45,False,No rain,Normal,Low,Low,Low,Fog,11.76,Low
Aïn Harrouda,33.6372,-7.4483,2026-09-16,26.3,20.9,0.0,0,15.5,39.2,3,23.6,False,No rain,Normal,Low,Low,Low,Cloudy,0.0,Low
Aïn Harrouda,33.6372,-7.4483,2026-09-17,26.4,19.6,0.0,0,13.6,35.6,3,23.0,False,No rain,Normal,Low,Low,Low,Cloudy,0.0,Low
Aïn Harrouda,33.6372,-7.4483,2026-09-18,26.3,17.6,0.0,0,14.8,39.6,2,21.950000000000003,False,No rain,Normal,Low,Low,Low,Cloudy,0.0,Low
Aïn Harrouda,33.6372,-7.4483,2026-09-19,27.8,18.3,0.0,0,15.8,34.9,45,23.05,False,No rain,Normal,Low,Low,Low,Fog,11.76,Low
Aïn Harrouda,33.6372,-7.4483,2026-09-20,30.0,20.7,0.0,0,12.2,28.4,2,25.35,False,No rain,Normal,Low,Low,Low,Cloudy,0.0,Low
Souq Sebt Oulad Nemma,32.3,-6.7,2026-09-14,41.3,23.3,0.0,3,14.8,27.4,3,32.3,False,No rain,Very high,Low,Low,Low,Cloudy,17.65,Low
Souq Sebt Oulad Nemma,32.3,-6.7,2026-09-15,39.6,24.9,0.0,3,21.1,38.2,3,32.25,False,No rain,High,Moderate,Low,Low,Cloudy,17.65,Low
Souq Sebt Oulad Nemma,32.3,-6.7,2026-09-16,35.6,20.2,0.0,0,18.4,32.8,1,27.9,False,No rain,High,Low,Low,Low,Clear,11.76,Low
Souq Sebt Oulad Nemma,32.3,-6.7,2026-09-17,32.3,17.8,0.0,5,14.6,26.3,3,25.049999999999997,False,No rain,Warm,Low,Low,Low,Cloudy,5.88,Low
Souq Sebt Oulad Nemma,32.3,-6.7,2026-09-18,35.1,18.2,0.0,14,8.2,17.3,1,26.65,False,No rain,High,Low,Low,Low,Clear,11.76,Low
Souq Sebt Oulad Nemma,32.3,-6.7,2026-09-19,39.6,19.3,0.0,14,17.5,29.5,2,29.450000000000003,False,No rain,High,Low,Low,Low,Cloudy,11.76,Low
Souq Sebt Oulad Nemma,32.3,-6.7,2026-09-20,41.2,23.0,0.0,3,24.5,41.8,2,32.1,False,No rain,Very high,Moderate,Moderate,Low,Cloudy,29.41,Moderate
Mehdya,34.2557,-6.6745,2026-09-14,33.2,22.5,0.0,0,10.2,24.5,0,27.85,False,No rain,Warm,Low,Low,Low,Clear,5.88,Low
Mehdya,34.2557,-6.6745,2026-09-15,27.7,21.1,0.0,0,13.0,29.2,45,24.4,False,No rain,Normal,Low,Low,Low,Fog,11.76,Low
Mehdya,34.2557,-6.6745,2026-09-16,26.7,20.9,0.0,0,17.1,37.4,3,23.799999999999997,False,No rain,Normal,Low,Low,Low,Cloudy,0.0,Low
Mehdya,34.2557,-6.6745,2026-09-17,26.5,18.9,0.0,0,12.8,29.2,3,22.7,False,No rain,Normal,Low,Low,Low,Cloudy,0.0,Low
Mehdya,34.2557,-6.6745,2026-09-18,27.2,16.2,0.0,0,16.5,36.4,45,21.7,False,No rain,Normal,Low,Low,Low,Fog,11.76,Low
Mehdya,34.2557,-6.6745,2026-09-19,32.2,17.5,0.0,3,17.7,38.9,45,24.85,False,No rain,Warm,Low,Low,Low,Fog,17.65,Low
Mehdya,34.2557,-6.6745,2026-09-20,34.9,22.8,0.0,0,15.0,34.2,2,28.85,False,No rain,Warm,Low,Low,Low,Cloudy,5.88,Low
Ouezzane,34.8,-5.6,2026-09-14,39.0,21.6,0.0,0,17.9,34.9,0,30.3,False,No rain,High,Low,Low,Low,Clear,11.76,Low
Ouezzane,34.8,-5.6,2026-09-15,35.7,20.1,0.0,0,20.5,39.2,0,27.900000000000002,False,No rain,High,Moderate,Low,Low,Clear,17.65,Low
Ouezzane,34.8,-5.6,2026-09-16,30.5,17.6,0.0,0,17.2,33.8,3,24.05,False,No rain,Warm,Low,Low,Low,Cloudy,5.88,Low
Ouezzane,34.8,-5.6,2026-09-17,27.9,17.1,0.0,0,15.5,29.2,3,22.5,False,No rain,Normal,Low,Low,Low,Cloudy,0.0,Low
Ouezzane,34.8,-5.6,2026-09-18,31.6,14.7,0.0,5,14.8,32.0,3,23.15,False,No rain,Warm,Low,Low,Low,Cloudy,5.88,Low
Ouezzane,34.8,-5.6,2026-09-19,36.2,16.8,0.0,1,14.7,28.4,2,26.5,False,No rain,High,Low,Low,Low,Cloudy,11.76,Low
Ouezzane,34.8,-5.6,2026-09-20,39.5,20.9,0.0,0,14.8,29.2,1,30.2,False,No rain,High,Low,Low,Low,Clear,11.76,Low
Semara,26.7394,-11.6703,2026-09-14,40.3,29.0,0.0,57,32.8,61.2,1,34.65,False,No rain,Very high,High,High,High,Clear,52.94,High
Semara,26.7394,-11.6703,2026-09-15,40.6,26.3,0.0,5,30.1,48.2,0,33.45,False,No rain,Very high,High,Moderate,Low,Clear,35.29,Moderate
Semara,26.7394,-11.6703,2026-09-16,39.2,24.4,0.0,0,31.9,55.1,0,31.8,False,No rain,High,High,High,Low,Clear,35.29,Moderate
Semara,26.7394,-11.6703,2026-09-17,31.0,19.9,0.0,0,29.5,51.1,3,25.45,False,No rain,Warm,Moderate,High,Low,Cloudy,23.53,Low
Semara,26.7394,-11.6703,2026-09-18,30.3,18.9,0.0,0,26.8,46.8,3,24.6,False,No rain,Warm,Moderate,Moderate,Low,Cloudy,17.65,Low
Semara,26.7394,-11.6703,2026-09-19,32.4,19.4,0.0,0,19.6,35.3,3,25.9,False,No rain,Warm,Low,Low,Low,Cloudy,5.88,Low
Semara,26.7394,-11.6703,2026-09-20,35.6,19.3,0.0,12,14.7,33.5,0,27.450000000000003,False,No rain,High,Low,Low,Low,Clear,11.76,Low
Ait Ourir,31.5644,-7.6628,2026-09-14,38.3,25.2,0.0,3,16.9,49.7,3,31.75,False,No rain,High,Low,Moderate,Low,Cloudy,17.65,Low
Ait Ourir,31.5644,-7.6628,2026-09-15,36.5,24.0,0.0,3,19.1,35.6,3,30.25,False,No rain,High,Low,Low,Low,Cloudy,11.76,Low
Ait Ourir,31.5644,-7.6628,2026-09-16,32.9,19.9,0.0,0,15.4,30.2,0,26.4,False,No rain,Warm,Low,Low,Low,Clear,5.88,Low
Ait Ourir,31.5644,-7.6628,2026-09-17,29.3,17.4,0.0,5,10.8,21.6,2,23.35,False,No rain,Normal,Low,Low,Low,Cloudy,0.0,Low
Ait Ourir,31.5644,-7.6628,2026-09-18,31.1,17.4,0.0,21,12.1,23.0,1,24.25,False,No rain,Warm,Low,Low,Moderate,Clear,11.76,Low
Ait Ourir,31.5644,-7.6628,2026-09-19,35.3,19.2,0.0,17,16.2,32.8,2,27.25,False,No rain,High,Low,Low,Low,Cloudy,11.76,Low
Ait Ourir,31.5644,-7.6628,2026-09-20,35.7,20.5,0.0,10,17.0,36.4,3,28.1,False,No rain,High,Low,Low,Low,Cloudy,11.76,Low
Oulad Tayeb,33.9598,-4.9954,2026-09-14,38.3,22.7,0.0,0,15.9,30.6,1,30.5,False,No rain,High,Low,Low,Low,Clear,11.76,Low
Oulad Tayeb,33.9598,-4.9954,2026-09-15,34.8,23.0,0.0,0,15.6,29.9,3,28.9,False,No rain,Warm,Low,Low,Low,Cloudy,5.88,Low
Oulad Tayeb,33.9598,-4.9954,2026-09-16,31.2,21.2,0.0,0,16.1,31.0,1,26.2,False,No rain,Warm,Low,Low,Low,Clear,5.88,Low
Oulad Tayeb,33.9598,-4.9954,2026-09-17,28.3,18.4,0.0,8,14.7,28.4,45,23.35,False,No rain,Normal,Low,Low,Low,Fog,11.76,Low
Oulad Tayeb,33.9598,-4.9954,2026-09-18,31.3,18.1,0.0,13,12.4,24.1,3,24.700000000000003,False,No rain,Warm,Low,Low,Low,Cloudy,5.88,Low
Oulad Tayeb,33.9598,-4.9954,2026-09-19,33.3,19.2,0.0,4,16.0,38.2,2,26.25,False,No rain,Warm,Low,Low,Low,Cloudy,5.88,Low
Oulad Tayeb,33.9598,-4.9954,2026-09-20,36.5,22.4,0.0,3,16.1,38.2,1,29.45,False,No rain,High,Low,Low,Low,Clear,11.76,Low
Tit Mellil,33.5533,-7.4822,2026-09-14,34.2,23.9,0.0,0,12.2,32.4,1,29.05,False,No rain,Warm,Low,Low,Low,Clear,5.88,Low
Tit Mellil,33.5533,-7.4822,2026-09-15,30.1,21.7,0.0,0,13.2,34.9,2,25.9,False,No rain,Warm,Low,Low,Low,Cloudy,5.88,Low
Tit Mellil,33.5533,-7.4822,2026-09-16,26.3,20.3,0.0,0,15.3,39.2,2,23.3,False,No rain,Normal,Low,Low,Low,Cloudy,0.0,Low
Tit Mellil,33.5533,-7.4822,2026-09-17,26.3,19.2,0.0,0,13.0,34.6,3,22.75,False,No rain,Normal,Low,Low,Low,Cloudy,0.0,Low
Tit Mellil,33.5533,-7.4822,2026-09-18,26.4,17.8,0.0,0,15.5,41.4,2,22.1,False,No rain,Normal,Low,Moderate,Low,Cloudy,5.88,Low
Tit Mellil,33.5533,-7.4822,2026-09-19,27.6,18.2,0.0,9,15.3,37.8,45,22.9,False,No rain,Normal,Low,Low,Low,Fog,11.76,Low
Tit Mellil,33.5533,-7.4822,2026-09-20,30.4,20.6,0.0,10,11.8,30.2,2,25.5,False,No rain,Warm,Low,Low,Low,Cloudy,5.88,Low
Sidi Bennour,32.655,-8.4292,2026-09-14,40.9,22.6,0.0,0,25.2,44.6,2,31.75,False,No rain,Very high,Moderate,Moderate,Low,Cloudy,29.41,Moderate
Sidi Bennour,32.655,-8.4292,2026-09-15,37.5,21.6,0.0,0,25.3,44.6,3,29.55,False,No rain,High,Moderate,Moderate,Low,Cloudy,23.53,Low
Sidi Bennour,32.655,-8.4292,2026-09-16,29.8,18.3,0.0,0,22.7,39.2,45,24.05,False,No rain,Normal,Moderate,Low,Low,Fog,17.65,Low
Sidi Bennour,32.655,-8.4292,2026-09-17,28.3,17.5,0.0,2,19.3,33.5,2,22.9,False,No rain,Normal,Low,Low,Low,Cloudy,0.0,Low
Sidi Bennour,32.655,-8.4292,2026-09-18,30.6,16.5,0.0,3,21.6,38.9,45,23.55,False,No rain,Warm,Moderate,Low,Low,Fog,23.53,Low
Sidi Bennour,32.655,-8.4292,2026-09-19,33.8,18.0,0.0,5,23.9,44.6,3,25.9,False,No rain,Warm,Moderate,Moderate,Low,Cloudy,17.65,Low
Sidi Bennour,32.655,-8.4292,2026-09-20,34.0,18.9,0.0,5,20.6,38.5,45,26.45,False,No rain,Warm,Moderate,Low,Low,Fog,23.53,Low
Temsia,30.3633,-9.4144,2026-09-14,40.9,26.0,0.1,8,23.0,46.1,3,33.45,True,Light,Very high,Moderate,Moderate,Low,Cloudy,35.29,Moderate
Temsia,30.3633,-9.4144,2026-09-15,37.4,26.0,0.0,3,19.1,41.8,3,31.7,False,No rain,High,Low,Moderate,Low,Cloudy,17.65,Low
Temsia,30.3633,-9.4144,2026-09-16,31.4,22.0,0.0,0,19.2,40.3,1,26.7,False,No rain,Warm,Low,Moderate,Low,Clear,11.76,Low
Temsia,30.3633,-9.4144,2026-09-17,27.9,20.6,0.0,0,20.5,43.2,3,24.25,False,No rain,Normal,Moderate,Moderate,Low,Cloudy,11.76,Low
Temsia,30.3633,-9.4144,2026-09-18,27.5,19.6,0.0,10,20.7,43.2,2,23.55,False,No rain,Normal,Moderate,Moderate,Low,Cloudy,11.76,Low
Temsia,30.3633,-9.4144,2026-09-19,29.4,19.9,0.0,4,32.2,56.5,2,24.65,False,No rain,Normal,High,High,Low,Cloudy,23.53,Low
Temsia,30.3633,-9.4144,2026-09-20,30.5,19.7,0.0,0,28.8,49.3,45,25.1,False,No rain,Warm,Moderate,Moderate,Low,Fog,29.41,Moderate
Biougra,30.2144,-9.3708,2026-09-14,40.7,27.6,0.3,5,22.5,37.8,3,34.150000000000006,True,Light,Very high,Moderate,Low,Low,Cloudy,29.41,Moderate
Biougra,30.2144,-9.3708,2026-09-15,37.7,26.5,0.0,3,25.4,42.1,3,32.1,False,No rain,High,Moderate,Moderate,Low,Cloudy,23.53,Low
Biougra,30.2144,-9.3708,2026-09-16,31.8,22.6,0.0,0,36.7,59.8,0,27.200000000000003,False,No rain,Warm,High,High,Low,Clear,29.41,Moderate
Biougra,30.2144,-9.3708,2026-09-17,27.5,20.7,0.0,0,33.2,55.4,3,24.1,False,No rain,Normal,High,High,Low,Cloudy,23.53,Low
Biougra,30.2144,-9.3708,2026-09-18,27.7,19.6,0.0,5,24.0,38.9,2,23.65,False,No rain,Normal,Moderate,Low,Low,Cloudy,5.88,Low
Biougra,30.2144,-9.3708,2026-09-19,27.9,19.9,0.0,3,29.1,49.3,2,23.9,False,No rain,Normal,Moderate,Moderate,Low,Cloudy,11.76,Low
Biougra,30.2144,-9.3708,2026-09-20,28.7,19.6,0.0,0,25.2,42.1,45,24.15,False,No rain,Normal,Moderate,Moderate,Low,Fog,23.53,Low
Al Hoceïma,35.2472,-3.9322,2026-09-14,28.9,19.5,0.0,0,15.9,29.5,1,24.2,False,No rain,Normal,Low,Low,Low,Clear,0.0,Low
Al Hoceïma,35.2472,-3.9322,2026-09-15,26.3,19.6,0.0,0,11.3,20.5,45,22.950000000000003,False,No rain,Normal,Low,Low,Low,Fog,11.76,Low
Al Hoceïma,35.2472,-3.9322,2026-09-16,28.2,19.5,0.0,0,10.5,19.8,2,23.85,False,No rain,Normal,Low,Low,Low,Cloudy,0.0,Low
Al Hoceïma,35.2472,-3.9322,2026-09-17,26.1,19.4,0.0,3,13.8,24.8,3,22.75,False,No rain,Normal,Low,Low,Low,Cloudy,0.0,Low
Al Hoceïma,35.2472,-3.9322,2026-09-18,25.7,17.9,0.0,5,16.5,30.6,3,21.799999999999997,False,No rain,Normal,Low,Low,Low,Cloudy,0.0,Low
Al Hoceïma,35.2472,-3.9322,2026-09-19,27.8,18.4,0.0,5,31.9,58.7,2,23.1,False,No rain,Normal,High,High,Low,Cloudy,23.53,Low
Al Hoceïma,35.2472,-3.9322,2026-09-20,27.2,21.3,0.0,5,27.9,51.1,2,24.25,False,No rain,Normal,Moderate,High,Low,Cloudy,17.65,Low
Qasbat Tadla,32.6,-6.26,2026-09-14,40.5,21.3,0.3,3,22.2,40.7,80,30.9,True,Light,Very high,Moderate,Moderate,Low,Rain showers,47.06,Moderate
Qasbat Tadla,32.6,-6.26,2026-09-15,38.2,22.8,0.1,0,19.2,36.0,3,30.5,True,Light,High,Low,Low,Low,Cloudy,17.65,Low
Qasbat Tadla,32.6,-6.26,2026-09-16,34.5,18.1,0.0,0,18.8,33.5,1,26.3,False,No rain,Warm,Low,Low,Low,Clear,5.88,Low
Qasbat Tadla,32.6,-6.26,2026-09-17,32.4,17.4,0.0,7,12.8,24.5,3,24.9,False,No rain,Warm,Low,Low,Low,Cloudy,5.88,Low
Qasbat Tadla,32.6,-6.26,2026-09-18,34.8,16.0,0.0,23,14.8,31.7,2,25.4,False,No rain,Warm,Low,Low,Moderate,Cloudy,11.76,Low
Qasbat Tadla,32.6,-6.26,2026-09-19,38.8,18.6,0.0,12,13.8,30.6,2,28.7,False,No rain,High,Low,Low,Low,Cloudy,11.76,Low
Qasbat Tadla,32.6,-6.26,2026-09-20,41.1,21.5,0.0,13,20.7,36.0,2,31.3,False,No rain,Very high,Moderate,Low,Low,Cloudy,23.53,Low
Aziylal,31.96,-6.56,2026-09-14,31.7,19.5,0.0,18,16.3,37.4,3,25.6,False,No rain,Warm,Low,Low,Low,Cloudy,5.88,Low
Aziylal,31.96,-6.56,2026-09-15,29.4,20.1,0.1,13,23.4,62.6,3,24.75,True,Light,Normal,Moderate,High,Low,Cloudy,23.53,Low
Aziylal,31.96,-6.56,2026-09-16,26.6,15.6,0.0,0,18.2,38.2,0,21.1,False,No rain,Normal,Low,Low,Low,Clear,0.0,Low
Aziylal,31.96,-6.56,2026-09-17,25.6,15.0,0.0,29,16.3,35.6,3,20.3,False,No rain,Normal,Low,Low,Moderate,Cloudy,5.88,Low
Aziylal,31.96,-6.56,2026-09-18,27.1,15.2,0.0,38,16.1,33.1,1,21.15,False,No rain,Normal,Low,Low,Moderate,Clear,5.88,Low
Aziylal,31.96,-6.56,2026-09-19,30.6,18.2,0.0,22,17.6,38.5,3,24.4,False,No rain,Warm,Low,Low,Moderate,Cloudy,11.76,Low
Aziylal,31.96,-6.56,2026-09-20,32.8,20.6,0.3,23,22.3,45.0,3,26.7,True,Light,Warm,Moderate,Moderate,Moderate,Cloudy,29.41,Moderate
Boujad,32.7741,-6.3925,2026-09-14,38.6,21.8,0.0,0,14.1,26.6,3,30.200000000000003,False,No rain,High,Low,Low,Low,Cloudy,11.76,Low
Boujad,32.7741,-6.3925,2026-09-15,36.9,23.7,0.0,0,24.6,45.0,3,30.299999999999997,False,No rain,High,Moderate,Moderate,Low,Cloudy,23.53,Low
Boujad,32.7741,-6.3925,2026-09-16,32.8,18.3,0.0,0,19.7,37.1,1,25.549999999999997,False,No rain,Warm,Low,Low,Low,Clear,5.88,Low
Boujad,32.7741,-6.3925,2026-09-17,31.2,16.6,0.0,12,16.8,31.7,3,23.9,False,No rain,Warm,Low,Low,Low,Cloudy,5.88,Low
Boujad,32.7741,-6.3925,2026-09-18,32.9,16.5,0.0,20,18.6,37.1,1,24.7,False,No rain,Warm,Low,Low,Low,Clear,5.88,Low
Boujad,32.7741,-6.3925,2026-09-19,36.3,19.2,0.0,7,17.7,40.0,2,27.75,False,No rain,High,Low,Low,Low,Cloudy,11.76,Low
Boujad,32.7741,-6.3925,2026-09-20,38.6,25.0,0.0,8,24.4,48.6,2,31.8,False,No rain,High,Moderate,Moderate,Low,Cloudy,23.53,Low
Al Aaroui,35.0104,-3.0073,2026-09-14,27.1,20.8,0.0,0,21.4,38.2,45,23.950000000000003,False,No rain,Normal,Moderate,Low,Low,Fog,17.65,Low
Al Aaroui,35.0104,-3.0073,2026-09-15,28.8,18.7,0.0,0,16.6,29.2,45,23.75,False,No rain,Normal,Low,Low,Low,Fog,11.76,Low
Al Aaroui,35.0104,-3.0073,2026-09-16,32.7,16.7,0.0,0,15.5,27.0,1,24.700000000000003,False,No rain,Warm,Low,Low,Low,Clear,5.88,Low
Al Aaroui,35.0104,-3.0073,2026-09-17,27.4,18.0,0.0,2,16.1,28.1,45,22.7,False,No rain,Normal,Low,Low,Low,Fog,11.76,Low
Al Aaroui,35.0104,-3.0073,2026-09-18,26.5,17.4,0.0,5,24.2,43.9,45,21.95,False,No rain,Normal,Moderate,Moderate,Low,Fog,23.53,Low
Al Aaroui,35.0104,-3.0073,2026-09-19,27.1,19.8,0.0,14,27.7,50.0,3,23.450000000000003,False,No rain,Normal,Moderate,Moderate,Low,Cloudy,11.76,Low
Al Aaroui,35.0104,-3.0073,2026-09-20,27.4,19.4,0.0,15,23.9,43.6,2,23.4,False,No rain,Normal,Moderate,Moderate,Low,Cloudy,11.76,Low
Mrirt,33.1654,-5.5634,2026-09-14,35.4,20.7,0.0,10,21.9,45.0,3,28.049999999999997,False,No rain,High,Moderate,Moderate,Low,Cloudy,23.53,Low
Mrirt,33.1654,-5.5634,2026-09-15,33.8,20.6,0.1,10,19.4,40.3,3,27.2,True,Light,Warm,Low,Moderate,Low,Cloudy,17.65,Low
Mrirt,33.1654,-5.5634,2026-09-16,30.2,15.0,0.0,0,20.9,42.1,2,22.6,False,No rain,Warm,Moderate,Moderate,Low,Cloudy,17.65,Low
Mrirt,33.1654,-5.5634,2026-09-17,30.0,15.7,0.0,45,19.6,44.6,3,22.85,False,No rain,Normal,Low,Moderate,Moderate,Cloudy,11.76,Low
Mrirt,33.1654,-5.5634,2026-09-18,30.2,14.2,0.0,35,18.0,39.2,2,22.2,False,No rain,Warm,Low,Low,Moderate,Cloudy,11.76,Low
Mrirt,33.1654,-5.5634,2026-09-19,33.6,16.2,0.3,7,15.3,32.0,3,24.9,True,Light,Warm,Low,Low,Low,Cloudy,11.76,Low
Mrirt,33.1654,-5.5634,2026-09-20,35.8,18.9,0.0,17,14.5,45.4,3,27.349999999999998,False,No rain,High,Low,Moderate,Low,Cloudy,17.65,Low
Tineghir,31.5147,-5.5328,2026-09-14,33.7,21.2,0.0,5,22.0,35.6,3,27.450000000000003,False,No rain,Warm,Moderate,Low,Low,Cloudy,11.76,Low
Tineghir,31.5147,-5.5328,2026-09-15,30.1,22.0,0.1,25,16.2,26.6,3,26.05,True,Light,Warm,Low,Low,Moderate,Cloudy,17.65,Low
Tineghir,31.5147,-5.5328,2026-09-16,31.8,17.8,0.0,0,29.2,47.9,2,24.8,False,No rain,Warm,Moderate,Moderate,Low,Cloudy,17.65,Low
Tineghir,31.5147,-5.5328,2026-09-17,31.6,18.9,0.0,45,25.7,40.3,3,25.25,False,No rain,Warm,Moderate,Moderate,Moderate,Cloudy,23.53,Low
Tineghir,31.5147,-5.5328,2026-09-18,32.0,18.9,0.0,45,18.1,34.2,3,25.45,False,No rain,Warm,Low,Low,Moderate,Cloudy,11.76,Low
Tineghir,31.5147,-5.5328,2026-09-19,32.3,21.6,0.0,36,17.4,27.0,3,26.95,False,No rain,Warm,Low,Low,Moderate,Cloudy,11.76,Low
Tineghir,31.5147,-5.5328,2026-09-20,33.0,20.9,0.0,18,13.7,21.6,2,26.95,False,No rain,Warm,Low,Low,Low,Cloudy,5.88,Low
Bouknadel,34.1766,-6.6893,2026-09-14,30.8,22.7,0.0,0,9.9,18.0,0,26.75,False,No rain,Warm,Low,Low,Low,Clear,5.88,Low
Bouknadel,34.1766,-6.6893,2026-09-15,26.3,21.2,0.0,0,14.8,25.9,45,23.75,False,No rain,Normal,Low,Low,Low,Fog,11.76,Low
Bouknadel,34.1766,-6.6893,2026-09-16,25.5,20.8,0.0,0,21.4,36.4,3,23.15,False,No rain,Normal,Moderate,Low,Low,Cloudy,5.88,Low
Bouknadel,34.1766,-6.6893,2026-09-17,25.2,18.9,0.0,0,14.5,25.2,3,22.049999999999997,False,No rain,Normal,Low,Low,Low,Cloudy,0.0,Low
Bouknadel,34.1766,-6.6893,2026-09-18,25.4,16.6,0.0,0,18.1,30.6,45,21.0,False,No rain,Normal,Low,Low,Low,Fog,11.76,Low
Bouknadel,34.1766,-6.6893,2026-09-19,32.2,17.9,0.0,3,17.7,38.9,45,25.05,False,No rain,Warm,Low,Low,Low,Fog,17.65,Low
Bouknadel,34.1766,-6.6893,2026-09-20,34.9,22.8,0.0,0,15.0,34.2,2,28.85,False,No rain,Warm,Low,Low,Low,Cloudy,5.88,Low
Cabo Bojador,26.1269,-14.4992,2026-09-14,35.2,22.3,0.0,0,26.7,46.4,0,28.75,False,No rain,High,Moderate,Moderate,Low,Clear,23.53,Low
Cabo Bojador,26.1269,-14.4992,2026-09-15,33.9,24.4,0.0,0,26.6,43.6,0,29.15,False,No rain,Warm,Moderate,Moderate,Low,Clear,17.65,Low
Cabo Bojador,26.1269,-14.4992,2026-09-16,28.6,21.9,0.0,0,26.4,48.2,0,25.25,False,No rain,Normal,Moderate,Moderate,Low,Clear,11.76,Low
Cabo Bojador,26.1269,-14.4992,2026-09-17,25.5,20.8,0.0,0,32.9,58.7,3,23.15,False,No rain,Normal,High,High,Low,Cloudy,23.53,Low
Cabo Bojador,26.1269,-14.4992,2026-09-18,24.9,20.2,0.0,0,23.4,45.0,3,22.549999999999997,False,No rain,Normal,Moderate,Moderate,Low,Cloudy,11.76,Low
Cabo Bojador,26.1269,-14.4992,2026-09-19,25.4,19.0,0.0,0,22.2,43.6,3,22.2,False,No rain,Normal,Moderate,Moderate,Low,Cloudy,11.76,Low
Cabo Bojador,26.1269,-14.4992,2026-09-20,26.9,19.6,0.0,0,23.8,45.7,1,23.25,False,No rain,Normal,Moderate,Moderate,Low,Clear,11.76,Low
Zagora,30.3316,-5.8376,2026-09-14,38.8,24.1,0.0,5,17.6,31.0,3,31.45,False,No rain,High,Low,Low,Low,Cloudy,11.76,Low
Zagora,30.3316,-5.8376,2026-09-15,35.8,27.4,0.1,13,24.5,54.4,3,31.599999999999998,True,Light,High,Moderate,High,Low,Cloudy,35.29,Moderate
Zagora,30.3316,-5.8376,2026-09-16,36.7,23.2,0.0,0,14.0,22.0,2,29.950000000000003,False,No rain,High,Low,Low,Low,Cloudy,11.76,Low
Zagora,30.3316,-5.8376,2026-09-17,36.5,25.7,0.0,13,21.6,33.5,3,31.1,False,No rain,High,Moderate,Low,Low,Cloudy,17.65,Low
Zagora,30.3316,-5.8376,2026-09-18,37.0,23.7,0.0,20,16.0,32.0,3,30.35,False,No rain,High,Low,Low,Low,Cloudy,11.76,Low
Zagora,30.3316,-5.8376,2026-09-19,37.3,24.6,0.0,20,22.1,34.6,1,30.95,False,No rain,High,Moderate,Low,Low,Clear,17.65,Low
Zagora,30.3316,-5.8376,2026-09-20,36.4,22.8,0.0,3,9.7,17.6,0,29.6,False,No rain,High,Low,Low,Low,Clear,11.76,Low
Azemmour,33.2833,-8.3333,2026-09-14,31.9,20.3,0.0,0,14.4,26.6,1,26.1,False,No rain,Warm,Low,Low,Low,Clear,5.88,Low
Azemmour,33.2833,-8.3333,2026-09-15,28.9,21.2,0.0,0,17.7,32.0,45,25.049999999999997,False,No rain,Normal,Low,Low,Low,Fog,11.76,Low
Azemmour,33.2833,-8.3333,2026-09-16,26.0,20.7,0.0,0,18.9,34.6,45,23.35,False,No rain,Normal,Low,Low,Low,Fog,11.76,Low
Azemmour,33.2833,-8.3333,2026-09-17,26.3,18.2,0.0,2,14.5,26.6,3,22.25,False,No rain,Normal,Low,Low,Low,Cloudy,0.0,Low
Azemmour,33.2833,-8.3333,2026-09-18,26.0,18.3,0.0,3,21.2,37.4,45,22.15,False,No rain,Normal,Moderate,Low,Low,Fog,17.65,Low
Azemmour,33.2833,-8.3333,2026-09-19,27.0,20.6,0.0,3,23.3,45.0,2,23.8,False,No rain,Normal,Moderate,Moderate,Low,Cloudy,11.76,Low
Azemmour,33.2833,-8.3333,2026-09-20,28.4,21.8,0.0,0,13.6,26.6,45,25.1,False,No rain,Normal,Low,Low,Low,Fog,11.76,Low
El Hajeb,33.6928,-5.3711,2026-09-14,34.7,23.6,0.1,8,18.8,40.3,3,29.150000000000002,True,Light,Warm,Low,Moderate,Low,Cloudy,17.65,Low
El Hajeb,33.6928,-5.3711,2026-09-15,32.6,21.5,0.0,3,19.2,40.0,3,27.05,False,No rain,Warm,Low,Low,Low,Cloudy,5.88,Low
El Hajeb,33.6928,-5.3711,2026-09-16,28.9,18.6,0.0,0,20.1,42.1,1,23.75,False,No rain,Normal,Moderate,Moderate,Low,Clear,11.76,Low
El Hajeb,33.6928,-5.3711,2026-09-17,25.3,16.4,0.0,18,17.3,35.6,3,20.85,False,No rain,Normal,Low,Low,Low,Cloudy,0.0,Low
El Hajeb,33.6928,-5.3711,2026-09-18,27.6,15.1,0.0,18,16.2,36.0,3,21.35,False,No rain,Normal,Low,Low,Low,Cloudy,0.0,Low
El Hajeb,33.6928,-5.3711,2026-09-19,31.0,17.0,0.0,5,19.8,38.2,2,24.0,False,No rain,Warm,Low,Low,Low,Cloudy,5.88,Low
El Hajeb,33.6928,-5.3711,2026-09-20,34.7,21.5,0.0,12,20.5,44.6,2,28.1,False,No rain,Warm,Moderate,Moderate,Low,Cloudy,17.65,Low
Jerada,34.31,-2.16,2026-09-14,31.0,18.2,0.0,0,17.6,34.9,1,24.6,False,No rain,Warm,Low,Low,Low,Clear,5.88,Low
Jerada,34.31,-2.16,2026-09-15,30.9,19.7,0.0,0,18.4,34.6,3,25.299999999999997,False,No rain,Warm,Low,Low,Low,Cloudy,5.88,Low
Jerada,34.31,-2.16,2026-09-16,29.0,18.7,0.0,0,23.8,45.4,3,23.85,False,No rain,Normal,Moderate,Moderate,Low,Cloudy,11.76,Low
Jerada,34.31,-2.16,2026-09-17,29.0,17.4,0.0,9,20.6,38.9,3,23.2,False,No rain,Normal,Moderate,Low,Low,Cloudy,5.88,Low
Jerada,34.31,-2.16,2026-09-18,27.0,15.5,0.0,25,17.7,42.5,3,21.25,False,No rain,Normal,Low,Moderate,Moderate,Cloudy,11.76,Low
Jerada,34.31,-2.16,2026-09-19,28.6,14.6,0.0,20,23.2,40.0,3,21.6,False,No rain,Normal,Moderate,Low,Low,Cloudy,5.88,Low
Jerada,34.31,-2.16,2026-09-20,30.8,17.5,0.0,20,21.9,41.8,2,24.15,False,No rain,Warm,Moderate,Moderate,Low,Cloudy,17.65,Low
El Aïoun,34.5726,-2.5127,2026-09-14,32.3,17.7,0.0,0,15.3,25.9,1,25.0,False,No rain,Warm,Low,Low,Low,Clear,5.88,Low
El Aïoun,34.5726,-2.5127,2026-09-15,32.1,16.8,0.0,0,12.6,21.6,3,24.450000000000003,False,No rain,Warm,Low,Low,Low,Cloudy,5.88,Low
El Aïoun,34.5726,-2.5127,2026-09-16,31.8,15.7,0.0,0,21.3,37.4,1,23.75,False,No rain,Warm,Moderate,Low,Low,Clear,11.76,Low
El Aïoun,34.5726,-2.5127,2026-09-17,29.6,16.7,0.0,3,18.4,31.3,3,23.15,False,No rain,Normal,Low,Low,Low,Cloudy,0.0,Low
El Aïoun,34.5726,-2.5127,2026-09-18,28.7,15.4,0.0,25,18.9,31.3,45,22.05,False,No rain,Normal,Low,Low,Moderate,Fog,17.65,Low
El Aïoun,34.5726,-2.5127,2026-09-19,29.5,15.6,0.0,13,20.1,34.2,3,22.55,False,No rain,Normal,Moderate,Low,Low,Cloudy,5.88,Low
El Aïoun,34.5726,-2.5127,2026-09-20,31.1,17.5,0.0,13,17.8,32.0,45,24.3,False,No rain,Warm,Low,Low,Low,Fog,17.65,Low
Tameslouht,31.5,-8.1,2026-09-14,39.3,26.5,0.0,5,37.1,67.3,3,32.9,False,No rain,High,High,Very high,Low,Cloudy,41.18,Moderate
Tameslouht,31.5,-8.1,2026-09-15,38.1,25.8,0.0,3,22.7,37.8,3,31.950000000000003,False,No rain,High,Moderate,Low,Low,Cloudy,17.65,Low
Tameslouht,31.5,-8.1,2026-09-16,34.1,21.3,0.0,0,22.1,36.4,0,27.700000000000003,False,No rain,Warm,Moderate,Low,Low,Clear,11.76,Low
Tameslouht,31.5,-8.1,2026-09-17,29.9,17.6,0.0,3,13.5,23.0,2,23.75,False,No rain,Normal,Low,Low,Low,Cloudy,0.0,Low
Tameslouht,31.5,-8.1,2026-09-18,31.7,18.2,0.0,18,12.1,20.2,2,24.95,False,No rain,Warm,Low,Low,Low,Cloudy,5.88,Low
Tameslouht,31.5,-8.1,2026-09-19,36.3,20.5,0.0,12,12.1,24.8,1,28.4,False,No rain,High,Low,Low,Low,Clear,11.76,Low
Tameslouht,31.5,-8.1,2026-09-20,34.7,23.2,0.0,10,22.4,39.6,2,28.950000000000003,False,No rain,Warm,Moderate,Low,Low,Cloudy,11.76,Low
Sidi Yahia El Gharb,34.3058,-6.3058,2026-09-14,37.3,22.4,0.0,0,16.7,30.6,0,29.849999999999998,False,No rain,High,Low,Low,Low,Clear,11.76,Low
Sidi Yahia El Gharb,34.3058,-6.3058,2026-09-15,32.0,20.8,0.0,0,19.2,35.3,45,26.4,False,No rain,Warm,Low,Low,Low,Fog,17.65,Low
Sidi Yahia El Gharb,34.3058,-6.3058,2026-09-16,28.5,20.5,0.0,0,21.3,38.9,3,24.5,False,No rain,Normal,Moderate,Low,Low,Cloudy,5.88,Low
Sidi Yahia El Gharb,34.3058,-6.3058,2026-09-17,27.9,18.3,0.0,0,14.9,27.0,3,23.1,False,No rain,Normal,Low,Low,Low,Cloudy,0.0,Low
Sidi Yahia El Gharb,34.3058,-6.3058,2026-09-18,29.8,15.9,0.0,0,19.8,36.0,45,22.85,False,No rain,Normal,Low,Low,Low,Fog,11.76,Low
Sidi Yahia El Gharb,34.3058,-6.3058,2026-09-19,36.4,17.0,0.0,3,18.7,34.6,45,26.7,False,No rain,High,Low,Low,Low,Fog,23.53,Low
Sidi Yahia El Gharb,34.3058,-6.3058,2026-09-20,40.0,23.3,0.0,3,17.2,32.8,2,31.65,False,No rain,High,Low,Low,Low,Cloudy,11.76,Low
Chichaoua,31.5333,-8.7667,2026-09-14,40.4,23.8,0.1,0,18.7,31.7,3,32.1,True,Light,Very high,Low,Low,Low,Cloudy,23.53,Low
Chichaoua,31.5333,-8.7667,2026-09-15,38.8,24.7,0.0,8,26.1,42.1,3,31.75,False,No rain,High,Moderate,Moderate,Low,Cloudy,23.53,Low
Chichaoua,31.5333,-8.7667,2026-09-16,34.5,21.2,0.0,0,26.3,43.2,1,27.85,False,No rain,Warm,Moderate,Moderate,Low,Clear,17.65,Low
Chichaoua,31.5333,-8.7667,2026-09-17,29.7,17.6,0.0,0,17.3,29.9,2,23.65,False,No rain,Normal,Low,Low,Low,Cloudy,0.0,Low
Chichaoua,31.5333,-8.7667,2026-09-18,31.8,18.1,0.0,5,16.2,26.6,1,24.950000000000003,False,No rain,Warm,Low,Low,Low,Clear,5.88,Low
Chichaoua,31.5333,-8.7667,2026-09-19,35.4,19.1,0.0,7,17.0,27.7,1,27.25,False,No rain,High,Low,Low,Low,Clear,11.76,Low
Chichaoua,31.5333,-8.7667,2026-09-20,34.0,22.7,0.0,8,23.2,41.0,1,28.35,False,No rain,Warm,Moderate,Moderate,Low,Clear,17.65,Low
Al ’Attawia,31.83,-7.31,2026-09-14,38.6,23.6,0.0,3,18.8,34.9,3,31.1,False,No rain,High,Low,Low,Low,Cloudy,11.76,Low
Al ’Attawia,31.83,-7.31,2026-09-15,36.9,23.3,0.0,3,20.5,36.7,3,30.1,False,No rain,High,Moderate,Low,Low,Cloudy,17.65,Low
Al ’Attawia,31.83,-7.31,2026-09-16,33.0,18.3,0.0,0,16.9,30.6,1,25.65,False,No rain,Warm,Low,Low,Low,Clear,5.88,Low
Al ’Attawia,31.83,-7.31,2026-09-17,29.1,16.2,0.0,8,12.1,23.4,45,22.65,False,No rain,Normal,Low,Low,Low,Fog,11.76,Low
Al ’Attawia,31.83,-7.31,2026-09-18,31.1,17.0,0.0,16,12.4,26.3,1,24.05,False,No rain,Warm,Low,Low,Low,Clear,5.88,Low
Al ’Attawia,31.83,-7.31,2026-09-19,35.9,18.4,0.0,16,17.3,32.0,2,27.15,False,No rain,High,Low,Low,Low,Cloudy,11.76,Low
Al ’Attawia,31.83,-7.31,2026-09-20,37.7,17.6,0.0,10,21.5,40.7,3,27.650000000000002,False,No rain,High,Moderate,Moderate,Low,Cloudy,23.53,Low
Tabount,30.9014,-6.9217,2026-09-14,34.5,21.1,0.1,18,11.7,21.6,3,27.8,True,Light,Warm,Low,Low,Low,Cloudy,11.76,Low
Tabount,30.9014,-6.9217,2026-09-15,31.9,22.8,0.1,20,23.0,53.6,3,27.35,True,Light,Warm,Moderate,High,Low,Cloudy,29.41,Moderate
Tabount,30.9014,-6.9217,2026-09-16,33.2,20.0,0.0,0,28.0,46.4,0,26.6,False,No rain,Warm,Moderate,Moderate,Low,Clear,17.65,Low
Tabount,30.9014,-6.9217,2026-09-17,33.1,18.3,0.0,20,12.0,24.8,3,25.700000000000003,False,No rain,Warm,Low,Low,Low,Cloudy,5.88,Low
Tabount,30.9014,-6.9217,2026-09-18,33.7,18.8,0.0,43,18.4,31.3,1,26.25,False,No rain,Warm,Low,Low,Moderate,Clear,11.76,Low
Tabount,30.9014,-6.9217,2026-09-19,34.1,21.1,0.0,28,17.8,31.0,2,27.6,False,No rain,Warm,Low,Low,Moderate,Cloudy,11.76,Low
Tabount,30.9014,-6.9217,2026-09-20,33.9,18.6,0.0,3,11.6,21.2,0,26.25,False,No rain,Warm,Low,Low,Low,Clear,5.88,Low
Zaïo,34.9396,-2.7334,2026-09-14,29.7,19.7,0.0,0,11.7,33.1,45,24.7,False,No rain,Normal,Low,Low,Low,Fog,11.76,Low
Zaïo,34.9396,-2.7334,2026-09-15,29.7,19.2,0.0,0,10.1,23.4,45,24.45,False,No rain,Normal,Low,Low,Low,Fog,11.76,Low
Zaïo,34.9396,-2.7334,2026-09-16,33.1,18.5,0.0,0,13.8,33.1,3,25.8,False,No rain,Warm,Low,Low,Low,Cloudy,5.88,Low
Zaïo,34.9396,-2.7334,2026-09-17,27.7,19.2,0.0,3,13.9,28.1,3,23.45,False,No rain,Normal,Low,Low,Low,Cloudy,0.0,Low
Zaïo,34.9396,-2.7334,2026-09-18,27.8,18.4,0.0,3,15.6,34.9,3,23.1,False,No rain,Normal,Low,Low,Low,Cloudy,0.0,Low
Zaïo,34.9396,-2.7334,2026-09-19,27.3,18.6,0.0,5,27.8,51.1,3,22.950000000000003,False,No rain,Normal,Moderate,High,Low,Cloudy,17.65,Low
Zaïo,34.9396,-2.7334,2026-09-20,27.5,18.9,0.0,10,24.3,43.2,45,23.2,False,No rain,Normal,Moderate,Moderate,Low,Fog,23.53,Low
Aguelmous,33.1324,-5.8366,2026-09-14,34.9,21.4,0.0,25,15.2,35.3,3,28.15,False,No rain,Warm,Low,Low,Moderate,Cloudy,11.76,Low
Aguelmous,33.1324,-5.8366,2026-09-15,33.1,19.1,0.0,5,20.2,44.6,3,26.1,False,No rain,Warm,Moderate,Moderate,Low,Cloudy,17.65,Low
Aguelmous,33.1324,-5.8366,2026-09-16,29.5,15.9,0.0,0,18.9,37.1,2,22.7,False,No rain,Normal,Low,Low,Low,Cloudy,0.0,Low
Aguelmous,33.1324,-5.8366,2026-09-17,28.9,15.4,0.0,30,16.8,33.5,3,22.15,False,No rain,Normal,Low,Low,Moderate,Cloudy,5.88,Low
Aguelmous,33.1324,-5.8366,2026-09-18,30.8,14.4,0.0,35,19.4,38.2,2,22.6,False,No rain,Warm,Low,Low,Moderate,Cloudy,11.76,Low
Aguelmous,33.1324,-5.8366,2026-09-19,32.8,17.7,0.0,9,17.7,38.5,3,25.25,False,No rain,Warm,Low,Low,Low,Cloudy,5.88,Low
Aguelmous,33.1324,-5.8366,2026-09-20,35.1,21.0,0.0,12,22.0,43.9,3,28.05,False,No rain,High,Moderate,Moderate,Low,Cloudy,23.53,Low
Asilah,35.4667,-6.0333,2026-09-14,32.1,23.5,0.0,0,21.5,39.2,0,27.8,False,No rain,Warm,Moderate,Low,Low,Clear,11.76,Low
Asilah,35.4667,-6.0333,2026-09-15,32.4,21.7,0.0,0,18.5,34.2,0,27.049999999999997,False,No rain,Warm,Low,Low,Low,Clear,5.88,Low
Asilah,35.4667,-6.0333,2026-09-16,25.2,19.5,0.0,0,21.2,38.2,3,22.35,False,No rain,Normal,Moderate,Low,Low,Cloudy,5.88,Low
Asilah,35.4667,-6.0333,2026-09-17,24.4,18.7,0.0,0,16.9,30.6,3,21.549999999999997,False,No rain,Normal,Low,Low,Low,Cloudy,0.0,Low
Asilah,35.4667,-6.0333,2026-09-18,28.9,16.9,0.0,0,22.5,46.4,2,22.9,False,No rain,Normal,Moderate,Moderate,Low,Cloudy,11.76,Low
Asilah,35.4667,-6.0333,2026-09-19,33.6,22.2,0.0,2,28.9,52.9,1,27.9,False,No rain,Warm,Moderate,High,Low,Clear,23.53,Low
Asilah,35.4667,-6.0333,2026-09-20,35.4,24.7,0.0,0,20.8,41.8,0,30.049999999999997,False,No rain,High,Moderate,Moderate,Low,Clear,23.53,Low
Imzouren,35.1464,-3.8506,2026-09-14,29.7,19.3,0.0,0,14.5,25.9,1,24.5,False,No rain,Normal,Low,Low,Low,Clear,0.0,Low
Imzouren,35.1464,-3.8506,2026-09-15,26.9,19.6,0.0,0,12.2,22.3,3,23.25,False,No rain,Normal,Low,Low,Low,Cloudy,0.0,Low
Imzouren,35.1464,-3.8506,2026-09-16,29.3,20.4,0.0,3,10.8,20.9,1,24.85,False,No rain,Normal,Low,Low,Low,Clear,0.0,Low
Imzouren,35.1464,-3.8506,2026-09-17,26.7,18.8,0.0,3,13.7,25.2,3,22.75,False,No rain,Normal,Low,Low,Low,Cloudy,0.0,Low
Imzouren,35.1464,-3.8506,2026-09-18,26.1,17.7,0.0,13,15.8,28.4,3,21.9,False,No rain,Normal,Low,Low,Low,Cloudy,0.0,Low
Imzouren,35.1464,-3.8506,2026-09-19,29.1,18.3,0.0,5,20.9,43.2,2,23.700000000000003,False,No rain,Normal,Moderate,Moderate,Low,Cloudy,11.76,Low
Imzouren,35.1464,-3.8506,2026-09-20,30.4,21.5,0.0,5,17.0,33.1,1,25.95,False,No rain,Warm,Low,Low,Low,Clear,5.88,Low
Mediouna,33.4556,-7.5208,2026-09-14,38.2,23.9,0.0,0,18.3,33.8,1,31.05,False,No rain,High,Low,Low,Low,Clear,11.76,Low
Mediouna,33.4556,-7.5208,2026-09-15,33.7,21.2,0.0,0,18.3,32.8,2,27.450000000000003,False,No rain,Warm,Low,Low,Low,Cloudy,5.88,Low
Mediouna,33.4556,-7.5208,2026-09-16,28.0,19.4,0.0,0,18.4,33.5,45,23.7,False,No rain,Normal,Low,Low,Low,Fog,11.76,Low
Mediouna,33.4556,-7.5208,2026-09-17,27.8,18.3,0.0,0,15.6,28.4,3,23.05,False,No rain,Normal,Low,Low,Low,Cloudy,0.0,Low
Mediouna,33.4556,-7.5208,2026-09-18,28.3,16.8,0.0,0,20.2,37.1,2,22.55,False,No rain,Normal,Moderate,Low,Low,Cloudy,5.88,Low
Mediouna,33.4556,-7.5208,2026-09-19,27.2,18.1,0.0,3,15.3,37.8,45,22.65,False,No rain,Normal,Low,Low,Low,Fog,11.76,Low
Mediouna,33.4556,-7.5208,2026-09-20,30.0,20.2,0.0,3,11.8,30.2,2,25.1,False,No rain,Normal,Low,Low,Low,Cloudy,0.0,Low
Demnat,31.7311,-7.0361,2026-09-14,35.5,23.4,0.0,3,16.9,32.8,3,29.45,False,No rain,High,Low,Low,Low,Cloudy,11.76,Low
Demnat,31.7311,-7.0361,2026-09-15,33.4,21.9,0.3,8,17.0,33.5,3,27.65,True,Light,Warm,Low,Low,Low,Cloudy,11.76,Low
Demnat,31.7311,-7.0361,2026-09-16,30.0,17.6,0.0,0,17.6,33.8,0,23.8,False,No rain,Normal,Low,Low,Low,Clear,0.0,Low
Demnat,31.7311,-7.0361,2026-09-17,26.6,15.4,0.0,13,14.0,28.4,45,21.0,False,No rain,Normal,Low,Low,Low,Fog,11.76,Low
Demnat,31.7311,-7.0361,2026-09-18,28.5,15.1,0.0,25,11.5,22.7,1,21.8,False,No rain,Normal,Low,Low,Moderate,Clear,5.88,Low
Demnat,31.7311,-7.0361,2026-09-19,33.2,17.6,0.0,27,16.2,35.6,3,25.400000000000002,False,No rain,Warm,Low,Low,Moderate,Cloudy,11.76,Low
Demnat,31.7311,-7.0361,2026-09-20,35.3,18.7,0.3,28,22.4,41.0,80,27.0,True,Light,High,Moderate,Moderate,Moderate,Rain showers,47.06,Moderate
Aïn Taoujdat,33.9333,-5.2167,2026-09-14,37.6,22.1,0.0,3,16.7,32.0,1,29.85,False,No rain,High,Low,Low,Low,Clear,11.76,Low
Aïn Taoujdat,33.9333,-5.2167,2026-09-15,34.3,21.9,0.0,0,19.2,37.8,3,28.099999999999998,False,No rain,Warm,Low,Low,Low,Cloudy,5.88,Low
Aïn Taoujdat,33.9333,-5.2167,2026-09-16,31.1,20.6,0.0,0,19.1,38.5,1,25.85,False,No rain,Warm,Low,Low,Low,Clear,5.88,Low
Aïn Taoujdat,33.9333,-5.2167,2026-09-17,27.1,17.8,0.0,10,15.5,29.2,45,22.450000000000003,False,No rain,Normal,Low,Low,Low,Fog,11.76,Low
Aïn Taoujdat,33.9333,-5.2167,2026-09-18,30.8,16.7,0.0,10,13.5,26.3,3,23.75,False,No rain,Warm,Low,Low,Low,Cloudy,5.88,Low
Aïn Taoujdat,33.9333,-5.2167,2026-09-19,34.1,18.1,0.0,4,19.1,34.9,2,26.1,False,No rain,Warm,Low,Low,Low,Cloudy,5.88,Low
Aïn Taoujdat,33.9333,-5.2167,2026-09-20,37.5,21.3,0.0,3,20.5,36.7,1,29.4,False,No rain,High,Moderate,Low,Low,Clear,17.65,Low
Sidi Smai’il,32.8167,-8.5,2026-09-14,39.9,22.4,0.0,0,20.5,35.6,2,31.15,False,No rain,High,Moderate,Low,Low,Cloudy,17.65,Low
Sidi Smai’il,32.8167,-8.5,2026-09-15,35.8,21.7,0.0,0,22.1,38.9,2,28.75,False,No rain,High,Moderate,Low,Low,Cloudy,17.65,Low
Sidi Smai’il,32.8167,-8.5,2026-09-16,28.4,19.5,0.0,0,20.3,35.3,2,23.95,False,No rain,Normal,Moderate,Low,Low,Cloudy,5.88,Low
Sidi Smai’il,32.8167,-8.5,2026-09-17,27.4,17.8,0.0,2,17.4,30.6,3,22.6,False,No rain,Normal,Low,Low,Low,Cloudy,0.0,Low
Sidi Smai’il,32.8167,-8.5,2026-09-18,29.1,17.9,0.0,3,21.6,39.2,2,23.5,False,No rain,Normal,Moderate,Low,Low,Cloudy,5.88,Low
Sidi Smai’il,32.8167,-8.5,2026-09-19,31.5,18.6,0.0,5,23.5,43.2,2,25.05,False,No rain,Warm,Moderate,Moderate,Low,Cloudy,17.65,Low
Sidi Smai’il,32.8167,-8.5,2026-09-20,31.5,20.3,0.0,5,19.7,35.3,45,25.9,False,No rain,Warm,Low,Low,Low,Fog,17.65,Low
Moulay Bousselham,34.8786,-6.2933,2026-09-14,33.7,21.2,0.0,0,15.5,25.9,0,27.450000000000003,False,No rain,Warm,Low,Low,Low,Clear,5.88,Low
Moulay Bousselham,34.8786,-6.2933,2026-09-15,28.4,19.2,0.0,0,26.8,43.6,45,23.799999999999997,False,No rain,Normal,Moderate,Moderate,Low,Fog,23.53,Low
Moulay Bousselham,34.8786,-6.2933,2026-09-16,25.5,19.5,0.0,0,17.7,29.9,45,22.5,False,No rain,Normal,Low,Low,Low,Fog,11.76,Low
Moulay Bousselham,34.8786,-6.2933,2026-09-17,25.0,18.6,0.0,0,13.8,24.5,3,21.8,False,No rain,Normal,Low,Low,Low,Cloudy,0.0,Low
Moulay Bousselham,34.8786,-6.2933,2026-09-18,25.2,15.7,0.0,0,20.4,33.5,45,20.45,False,No rain,Normal,Moderate,Low,Low,Fog,17.65,Low
Moulay Bousselham,34.8786,-6.2933,2026-09-19,32.4,17.6,0.0,3,16.1,28.8,0,25.0,False,No rain,Warm,Low,Low,Low,Clear,5.88,Low
Moulay Bousselham,34.8786,-6.2933,2026-09-20,36.8,18.7,0.0,3,14.8,25.6,1,27.75,False,No rain,High,Low,Low,Low,Clear,11.76,Low
Mechraa Bel Ksiri,34.56,-5.95,2026-09-14,39.5,24.4,0.0,0,18.0,33.8,0,31.95,False,No rain,High,Low,Low,Low,Clear,11.76,Low
Mechraa Bel Ksiri,34.56,-5.95,2026-09-15,35.5,20.7,0.0,0,20.2,38.5,0,28.1,False,No rain,High,Moderate,Low,Low,Clear,17.65,Low
Mechraa Bel Ksiri,34.56,-5.95,2026-09-16,30.0,19.9,0.0,0,20.2,37.1,3,24.95,False,No rain,Normal,Moderate,Low,Low,Cloudy,5.88,Low
Mechraa Bel Ksiri,34.56,-5.95,2026-09-17,28.1,18.9,0.0,0,14.1,25.9,45,23.5,False,No rain,Normal,Low,Low,Low,Fog,11.76,Low
Mechraa Bel Ksiri,34.56,-5.95,2026-09-18,31.9,16.0,0.0,0,16.4,33.8,45,23.95,False,No rain,Warm,Low,Low,Low,Fog,17.65,Low
Mechraa Bel Ksiri,34.56,-5.95,2026-09-19,36.7,18.4,0.0,3,15.2,29.1,2,27.55,False,No rain,High,Low,Low,Low,Cloudy,11.76,Low
Mechraa Bel Ksiri,34.56,-5.95,2026-09-20,40.3,23.6,0.0,3,18.8,35.6,1,31.95,False,No rain,Very high,Low,Low,Low,Clear,17.65,Low
Souk et Tnine Jorf el Mellah,34.4945,-5.5047,2026-09-14,40.4,26.5,0.0,0,17.6,32.8,0,33.45,False,No rain,Very high,Low,Low,Low,Clear,17.65,Low
Souk et Tnine Jorf el Mellah,34.4945,-5.5047,2026-09-15,36.3,22.2,0.0,0,20.9,39.2,0,29.25,False,No rain,High,Moderate,Low,Low,Clear,17.65,Low
Souk et Tnine Jorf el Mellah,34.4945,-5.5047,2026-09-16,31.6,20.4,0.0,0,19.2,36.4,3,26.0,False,No rain,Warm,Low,Low,Low,Cloudy,5.88,Low
Souk et Tnine Jorf el Mellah,34.4945,-5.5047,2026-09-17,28.9,19.7,0.0,0,13.6,25.6,3,24.299999999999997,False,No rain,Normal,Low,Low,Low,Cloudy,0.0,Low
Souk et Tnine Jorf el Mellah,34.4945,-5.5047,2026-09-18,33.0,17.1,0.0,3,13.2,24.5,45,25.05,False,No rain,Warm,Low,Low,Low,Fog,17.65,Low
Souk et Tnine Jorf el Mellah,34.4945,-5.5047,2026-09-19,37.0,20.3,0.0,3,17.0,31.0,3,28.65,False,No rain,High,Low,Low,Low,Cloudy,11.76,Low
Souk et Tnine Jorf el Mellah,34.4945,-5.5047,2026-09-20,40.2,25.2,0.0,3,20.2,38.2,2,32.7,False,No rain,Very high,Moderate,Low,Low,Cloudy,23.53,Low
Zeghanghane,35.1575,-3.0017,2026-09-14,26.8,21.3,0.0,0,20.9,39.2,2,24.05,False,No rain,Normal,Moderate,Low,Low,Cloudy,5.88,Low
Zeghanghane,35.1575,-3.0017,2026-09-15,28.2,19.7,0.0,0,12.4,25.2,45,23.95,False,No rain,Normal,Low,Low,Low,Fog,11.76,Low
Zeghanghane,35.1575,-3.0017,2026-09-16,31.8,17.8,0.0,0,12.6,24.5,2,24.8,False,No rain,Warm,Low,Low,Low,Cloudy,5.88,Low
Zeghanghane,35.1575,-3.0017,2026-09-17,27.2,19.5,0.0,3,9.8,20.5,3,23.35,False,No rain,Normal,Low,Low,Low,Cloudy,0.0,Low
Zeghanghane,35.1575,-3.0017,2026-09-18,26.3,18.6,0.0,5,19.4,37.8,45,22.450000000000003,False,No rain,Normal,Low,Low,Low,Fog,11.76,Low
Zeghanghane,35.1575,-3.0017,2026-09-19,26.0,21.0,0.0,8,24.3,44.3,3,23.5,False,No rain,Normal,Moderate,Moderate,Low,Cloudy,11.76,Low
Zeghanghane,35.1575,-3.0017,2026-09-20,26.3,20.9,0.0,13,24.4,46.1,2,23.6,False,No rain,Normal,Moderate,Moderate,Low,Cloudy,11.76,Low
Oulad Barhil,30.6408,-8.475,2026-09-14,40.5,23.0,0.0,10,12.8,27.4,3,31.75,False,No rain,Very high,Low,Low,Low,Cloudy,17.65,Low
Oulad Barhil,30.6408,-8.475,2026-09-15,39.1,24.3,0.0,20,27.7,54.4,3,31.700000000000003,False,No rain,High,Moderate,High,Low,Cloudy,29.41,Moderate
Oulad Barhil,30.6408,-8.475,2026-09-16,35.4,21.1,0.0,0,27.6,50.4,0,28.25,False,No rain,High,Moderate,High,Low,Clear,29.41,Moderate
Oulad Barhil,30.6408,-8.475,2026-09-17,30.3,17.4,0.0,0,31.7,57.2,3,23.85,False,No rain,Warm,High,High,Low,Cloudy,29.41,Moderate
Oulad Barhil,30.6408,-8.475,2026-09-18,31.0,16.4,0.0,15,26.6,49.3,0,23.7,False,No rain,Warm,Moderate,Moderate,Low,Clear,17.65,Low
Oulad Barhil,30.6408,-8.475,2026-09-19,40.1,18.8,0.0,7,14.2,36.7,2,29.450000000000003,False,No rain,Very high,Low,Low,Low,Cloudy,17.65,Low
Oulad Barhil,30.6408,-8.475,2026-09-20,38.5,19.7,0.0,5,17.4,36.7,1,29.1,False,No rain,High,Low,Low,Low,Clear,11.76,Low
Bir Jdid,33.3737,-8.0002,2026-09-14,33.2,22.4,0.0,0,14.9,28.8,1,27.8,False,No rain,Warm,Low,Low,Low,Clear,5.88,Low
Bir Jdid,33.3737,-8.0002,2026-09-15,29.9,21.1,0.0,0,17.2,33.1,45,25.5,False,No rain,Normal,Low,Low,Low,Fog,11.76,Low
Bir Jdid,33.3737,-8.0002,2026-09-16,26.0,20.0,0.0,0,19.3,37.1,45,23.0,False,No rain,Normal,Low,Low,Low,Fog,11.76,Low
Bir Jdid,33.3737,-8.0002,2026-09-17,26.2,18.3,0.0,2,16.6,32.0,3,22.25,False,No rain,Normal,Low,Low,Low,Cloudy,0.0,Low
Bir Jdid,33.3737,-8.0002,2026-09-18,26.2,18.4,0.0,3,21.4,40.7,2,22.299999999999997,False,No rain,Normal,Moderate,Moderate,Low,Cloudy,11.76,Low
Bir Jdid,33.3737,-8.0002,2026-09-19,27.4,19.5,0.0,3,23.2,44.6,45,23.45,False,No rain,Normal,Moderate,Moderate,Low,Fog,23.53,Low
Bir Jdid,33.3737,-8.0002,2026-09-20,30.0,20.4,0.0,3,15.2,29.2,2,25.2,False,No rain,Normal,Low,Low,Low,Cloudy,0.0,Low
Bou Arfa,32.531,-1.9631,2026-09-14,34.2,21.5,0.0,8,15.3,32.0,3,27.85,False,No rain,Warm,Low,Low,Low,Cloudy,5.88,Low
Bou Arfa,32.531,-1.9631,2026-09-15,32.8,20.6,0.2,15,19.8,30.2,3,26.7,True,Light,Warm,Low,Low,Low,Cloudy,11.76,Low
Bou Arfa,32.531,-1.9631,2026-09-16,29.3,20.0,0.0,5,14.9,24.1,3,24.65,False,No rain,Normal,Low,Low,Low,Cloudy,0.0,Low
Bou Arfa,32.531,-1.9631,2026-09-17,30.5,16.8,0.6,27,19.1,31.7,3,23.65,True,Light,Warm,Low,Low,Moderate,Cloudy,17.65,Low
Bou Arfa,32.531,-1.9631,2026-09-18,29.8,17.7,0.0,34,17.2,32.4,3,23.75,False,No rain,Normal,Low,Low,Moderate,Cloudy,5.88,Low
Bou Arfa,32.531,-1.9631,2026-09-19,32.3,18.8,0.0,19,18.2,30.2,3,25.549999999999997,False,No rain,Warm,Low,Low,Low,Cloudy,5.88,Low
Bou Arfa,32.531,-1.9631,2026-09-20,33.5,19.5,0.0,14,15.3,23.0,2,26.5,False,No rain,Warm,Low,Low,Low,Cloudy,5.88,Low
Tahannawt,31.3514,-7.9508,2026-09-14,35.7,24.2,0.0,5,27.1,45.7,3,29.950000000000003,False,No rain,High,Moderate,Moderate,Low,Cloudy,23.53,Low
Tahannawt,31.3514,-7.9508,2026-09-15,34.0,22.5,0.0,3,20.5,38.9,3,28.25,False,No rain,Warm,Moderate,Low,Low,Cloudy,11.76,Low
Tahannawt,31.3514,-7.9508,2026-09-16,30.8,18.5,0.0,0,17.2,32.0,1,24.65,False,No rain,Warm,Low,Low,Low,Clear,5.88,Low
Tahannawt,31.3514,-7.9508,2026-09-17,26.9,15.2,0.0,3,13.4,27.4,2,21.049999999999997,False,No rain,Normal,Low,Low,Low,Cloudy,0.0,Low
Tahannawt,31.3514,-7.9508,2026-09-18,28.5,15.6,0.0,20,14.0,27.0,1,22.05,False,No rain,Normal,Low,Low,Low,Clear,0.0,Low
Tahannawt,31.3514,-7.9508,2026-09-19,32.9,18.6,0.0,24,13.8,29.5,2,25.75,False,No rain,Warm,Low,Low,Moderate,Cloudy,11.76,Low
Tahannawt,31.3514,-7.9508,2026-09-20,32.8,18.9,0.0,25,20.9,37.8,3,25.849999999999998,False,No rain,Warm,Moderate,Low,Moderate,Cloudy,17.65,Low
Arfoud,31.4361,-4.2328,2026-09-14,38.2,23.5,0.0,8,11.5,19.8,3,30.85,False,No rain,High,Low,Low,Low,Cloudy,11.76,Low
Arfoud,31.4361,-4.2328,2026-09-15,35.8,27.0,0.0,10,11.9,20.9,3,31.4,False,No rain,High,Low,Low,Low,Cloudy,11.76,Low
Arfoud,31.4361,-4.2328,2026-09-16,34.9,23.7,0.0,3,11.0,19.4,3,29.299999999999997,False,No rain,Warm,Low,Low,Low,Cloudy,5.88,Low
Arfoud,31.4361,-4.2328,2026-09-17,35.2,23.7,0.0,26,25.1,39.2,3,29.450000000000003,False,No rain,High,Moderate,Low,Moderate,Cloudy,23.53,Low
Arfoud,31.4361,-4.2328,2026-09-18,35.6,23.5,0.0,33,12.1,23.4,3,29.55,False,No rain,High,Low,Low,Moderate,Cloudy,17.65,Low
Arfoud,31.4361,-4.2328,2026-09-19,36.4,26.4,0.0,19,15.6,25.2,3,31.4,False,No rain,High,Low,Low,Low,Cloudy,11.76,Low
Arfoud,31.4361,-4.2328,2026-09-20,37.1,24.1,0.0,5,10.3,17.3,2,30.6,False,No rain,High,Low,Low,Low,Cloudy,11.76,Low
Tahla,34.05,-4.42,2026-09-14,36.8,21.7,0.0,0,13.6,24.5,2,29.25,False,No rain,High,Low,Low,Low,Cloudy,11.76,Low
Tahla,34.05,-4.42,2026-09-15,35.0,21.3,0.0,0,15.9,30.2,3,28.15,False,No rain,Warm,Low,Low,Low,Cloudy,5.88,Low
Tahla,34.05,-4.42,2026-09-16,30.8,19.1,0.0,0,17.0,32.8,1,24.950000000000003,False,No rain,Warm,Low,Low,Low,Clear,5.88,Low
Tahla,34.05,-4.42,2026-09-17,28.9,17.2,0.0,15,16.3,31.3,3,23.049999999999997,False,No rain,Normal,Low,Low,Low,Cloudy,0.0,Low
Tahla,34.05,-4.42,2026-09-18,31.4,16.3,0.0,10,15.5,28.8,3,23.85,False,No rain,Warm,Low,Low,Low,Cloudy,5.88,Low
Tahla,34.05,-4.42,2026-09-19,33.0,20.2,0.0,1,17.8,33.4,3,26.6,False,No rain,Warm,Low,Low,Low,Cloudy,5.88,Low
Tahla,34.05,-4.42,2026-09-20,35.1,23.7,0.0,0,15.5,31.7,2,29.4,False,No rain,High,Low,Low,Low,Cloudy,11.76,Low
Missour,33.05,-3.9908,2026-09-14,36.1,19.7,0.1,13,21.7,38.9,3,27.9,True,Light,High,Moderate,Low,Low,Cloudy,23.53,Low
Missour,33.05,-3.9908,2026-09-15,35.3,20.2,0.0,20,19.3,41.0,3,27.75,False,No rain,High,Low,Moderate,Low,Cloudy,17.65,Low
Missour,33.05,-3.9908,2026-09-16,31.7,18.1,0.0,0,16.5,26.3,2,24.9,False,No rain,Warm,Low,Low,Low,Cloudy,5.88,Low
Missour,33.05,-3.9908,2026-09-17,33.8,18.0,0.0,25,34.2,64.8,3,25.9,False,No rain,Warm,High,High,Moderate,Cloudy,35.29,Moderate
Missour,33.05,-3.9908,2026-09-18,30.6,17.0,0.0,16,26.2,44.6,3,23.8,False,No rain,Warm,Moderate,Moderate,Low,Cloudy,17.65,Low
Missour,33.05,-3.9908,2026-09-19,31.4,17.5,0.0,6,27.5,46.1,3,24.45,False,No rain,Warm,Moderate,Moderate,Low,Cloudy,17.65,Low
Missour,33.05,-3.9908,2026-09-20,35.8,18.4,0.0,5,27.6,42.5,2,27.099999999999998,False,No rain,High,Moderate,Moderate,Low,Cloudy,23.53,Low
Sidi Lmokhtar,31.57,-9.01,2026-09-14,40.3,24.8,0.0,5,23.8,38.9,3,32.55,False,No rain,Very high,Moderate,Low,Low,Cloudy,23.53,Low
Sidi Lmokhtar,31.57,-9.01,2026-09-15,38.7,24.2,0.0,3,24.4,40.0,3,31.450000000000003,False,No rain,High,Moderate,Low,Low,Cloudy,17.65,Low
Sidi Lmokhtar,31.57,-9.01,2026-09-16,34.1,21.3,0.0,0,28.3,47.9,0,27.700000000000003,False,No rain,Warm,Moderate,Moderate,Low,Clear,17.65,Low
Sidi Lmokhtar,31.57,-9.01,2026-09-17,28.9,17.2,0.0,2,22.5,36.7,2,23.049999999999997,False,No rain,Normal,Moderate,Low,Low,Cloudy,5.88,Low
Sidi Lmokhtar,31.57,-9.01,2026-09-18,31.6,17.3,0.0,3,15.3,28.8,1,24.450000000000003,False,No rain,Warm,Low,Low,Low,Clear,5.88,Low
Sidi Lmokhtar,31.57,-9.01,2026-09-19,35.3,18.6,0.0,3,16.5,29.5,1,26.95,False,No rain,High,Low,Low,Low,Clear,11.76,Low
Sidi Lmokhtar,31.57,-9.01,2026-09-20,32.1,20.5,0.0,13,26.3,43.9,1,26.3,False,No rain,Warm,Moderate,Moderate,Low,Clear,17.65,Low
Douar Toulal,33.8951,-5.6021,2026-09-14,38.3,23.4,0.0,0,18.7,40.7,2,30.849999999999998,False,No rain,High,Low,Moderate,Low,Cloudy,17.65,Low
Douar Toulal,33.8951,-5.6021,2026-09-15,34.3,21.6,0.0,0,18.3,40.3,3,27.95,False,No rain,Warm,Low,Moderate,Low,Cloudy,11.76,Low
Douar Toulal,33.8951,-5.6021,2026-09-16,30.5,18.7,0.0,0,17.7,38.5,1,24.6,False,No rain,Warm,Low,Low,Low,Clear,5.88,Low
Douar Toulal,33.8951,-5.6021,2026-09-17,27.1,17.7,0.0,5,14.3,32.4,3,22.4,False,No rain,Normal,Low,Low,Low,Cloudy,0.0,Low
Douar Toulal,33.8951,-5.6021,2026-09-18,30.5,15.8,0.0,5,12.6,30.2,3,23.15,False,No rain,Warm,Low,Low,Low,Cloudy,5.88,Low
Douar Toulal,33.8951,-5.6021,2026-09-19,34.2,18.3,0.0,3,16.5,31.0,2,26.25,False,No rain,Warm,Low,Low,Low,Cloudy,5.88,Low
Douar Toulal,33.8951,-5.6021,2026-09-20,37.6,22.1,0.0,3,19.2,36.0,1,29.85,False,No rain,High,Low,Low,Low,Clear,11.76,Low
Oulad Yaïch,32.4167,-6.3333,2026-09-14,40.8,24.0,0.1,5,20.9,49.7,3,32.4,True,Light,Very high,Moderate,Moderate,Low,Cloudy,35.29,Moderate
Oulad Yaïch,32.4167,-6.3333,2026-09-15,38.1,25.2,0.0,3,21.3,38.9,3,31.65,False,No rain,High,Moderate,Low,Low,Cloudy,17.65,Low
Oulad Yaïch,32.4167,-6.3333,2026-09-16,34.7,20.8,0.0,0,13.2,27.0,1,27.75,False,No rain,Warm,Low,Low,Low,Clear,5.88,Low
Oulad Yaïch,32.4167,-6.3333,2026-09-17,32.2,17.7,0.0,8,12.9,23.4,3,24.950000000000003,False,No rain,Warm,Low,Low,Low,Cloudy,5.88,Low
Oulad Yaïch,32.4167,-6.3333,2026-09-18,34.6,18.3,0.0,13,8.0,15.5,2,26.450000000000003,False,No rain,Warm,Low,Low,Low,Cloudy,5.88,Low
Oulad Yaïch,32.4167,-6.3333,2026-09-19,37.7,20.1,0.0,12,16.4,31.0,3,28.900000000000002,False,No rain,High,Low,Low,Low,Cloudy,11.76,Low
Oulad Yaïch,32.4167,-6.3333,2026-09-20,39.6,29.4,0.0,13,20.8,43.9,2,34.5,False,No rain,High,Moderate,Moderate,Low,Cloudy,23.53,Low
Zawyat ech Cheïkh,32.6541,-5.9214,2026-09-14,38.3,19.3,0.1,3,18.1,47.2,3,28.799999999999997,True,Light,High,Low,Moderate,Low,Cloudy,23.53,Low
Zawyat ech Cheïkh,32.6541,-5.9214,2026-09-15,35.7,20.6,0.1,0,20.9,37.1,3,28.150000000000002,True,Light,High,Moderate,Low,Low,Cloudy,23.53,Low
Zawyat ech Cheïkh,32.6541,-5.9214,2026-09-16,32.2,17.1,0.0,0,11.7,22.0,1,24.650000000000002,False,No rain,Warm,Low,Low,Low,Clear,5.88,Low
Zawyat ech Cheïkh,32.6541,-5.9214,2026-09-17,30.6,17.1,0.0,5,14.6,26.6,3,23.85,False,No rain,Warm,Low,Low,Low,Cloudy,5.88,Low
Zawyat ech Cheïkh,32.6541,-5.9214,2026-09-18,33.0,14.9,0.0,18,10.1,19.4,1,23.95,False,No rain,Warm,Low,Low,Low,Clear,5.88,Low
Zawyat ech Cheïkh,32.6541,-5.9214,2026-09-19,36.7,17.5,0.0,7,14.8,29.2,2,27.1,False,No rain,High,Low,Low,Low,Cloudy,11.76,Low
Zawyat ech Cheïkh,32.6541,-5.9214,2026-09-20,39.0,22.5,0.0,0,21.2,36.4,2,30.75,False,No rain,High,Moderate,Low,Low,Cloudy,17.65,Low
Imi-n-Tanout,31.177,-8.8504,2026-09-14,35.3,25.1,0.0,5,25.2,45.0,3,30.2,False,No rain,High,Moderate,Moderate,Low,Cloudy,23.53,Low
Imi-n-Tanout,31.177,-8.8504,2026-09-15,34.3,24.8,0.0,3,24.8,42.8,3,29.549999999999997,False,No rain,Warm,Moderate,Moderate,Low,Cloudy,17.65,Low
Imi-n-Tanout,31.177,-8.8504,2026-09-16,30.4,19.8,0.0,0,25.6,44.3,1,25.1,False,No rain,Warm,Moderate,Moderate,Low,Clear,17.65,Low
Imi-n-Tanout,31.177,-8.8504,2026-09-17,25.8,16.3,0.0,3,18.2,32.8,45,21.05,False,No rain,Normal,Low,Low,Low,Fog,11.76,Low
Imi-n-Tanout,31.177,-8.8504,2026-09-18,27.4,16.7,0.0,13,16.6,30.6,1,22.049999999999997,False,No rain,Normal,Low,Low,Low,Clear,0.0,Low
Imi-n-Tanout,31.177,-8.8504,2026-09-19,31.9,19.8,0.0,12,15.6,28.1,1,25.85,False,No rain,Warm,Low,Low,Low,Clear,5.88,Low
Imi-n-Tanout,31.177,-8.8504,2026-09-20,32.1,23.1,0.0,13,18.8,33.8,1,27.6,False,No rain,Warm,Low,Low,Low,Clear,5.88,Low
Sebt Gzoula,32.1219,-9.0889,2026-09-14,41.3,27.8,0.0,0,22.0,42.8,3,34.55,False,No rain,Very high,Moderate,Moderate,Low,Cloudy,29.41,Moderate
Sebt Gzoula,32.1219,-9.0889,2026-09-15,38.2,24.8,0.0,0,25.0,46.4,3,31.5,False,No rain,High,Moderate,Moderate,Low,Cloudy,23.53,Low
Sebt Gzoula,32.1219,-9.0889,2026-09-16,30.7,20.3,0.0,0,22.3,41.4,1,25.5,False,No rain,Warm,Moderate,Moderate,Low,Clear,17.65,Low
Sebt Gzoula,32.1219,-9.0889,2026-09-17,27.7,18.2,0.0,0,17.8,33.1,2,22.95,False,No rain,Normal,Low,Low,Low,Cloudy,0.0,Low
Sebt Gzoula,32.1219,-9.0889,2026-09-18,31.1,18.2,0.0,0,18.8,36.0,2,24.65,False,No rain,Warm,Low,Low,Low,Cloudy,5.88,Low
Sebt Gzoula,32.1219,-9.0889,2026-09-19,33.0,18.8,0.0,5,20.4,37.1,2,25.9,False,No rain,Warm,Moderate,Low,Low,Cloudy,11.76,Low
Sebt Gzoula,32.1219,-9.0889,2026-09-20,27.1,20.0,0.0,5,17.4,32.4,1,23.55,False,No rain,Normal,Low,Low,Low,Clear,0.0,Low
Tifariti,26.158,-10.567,2026-09-14,36.9,26.0,1.8,49,27.6,45.0,53,31.45,True,Moderate,High,Moderate,Moderate,Moderate,Drizzle,47.06,Moderate
Tifariti,26.158,-10.567,2026-09-15,37.3,25.3,0.0,11,29.8,43.6,0,31.299999999999997,False,No rain,High,Moderate,Moderate,Low,Clear,23.53,Low
Tifariti,26.158,-10.567,2026-09-16,38.1,22.5,0.0,0,35.7,53.3,0,30.3,False,No rain,High,High,High,Low,Clear,35.29,Moderate
Tifariti,26.158,-10.567,2026-09-17,31.3,17.8,0.0,0,37.0,55.4,0,24.55,False,No rain,Warm,High,High,Low,Clear,29.41,Moderate
Tifariti,26.158,-10.567,2026-09-18,29.6,16.2,0.0,0,34.1,52.9,3,22.9,False,No rain,Normal,High,High,Low,Cloudy,23.53,Low
Tifariti,26.158,-10.567,2026-09-19,31.2,17.1,0.0,0,22.9,39.2,3,24.15,False,No rain,Warm,Moderate,Low,Low,Cloudy,11.76,Low
Tifariti,26.158,-10.567,2026-09-20,35.9,18.7,0.0,18,11.1,24.1,0,27.299999999999997,False,No rain,High,Low,Low,Low,Clear,11.76,Low
